year,stock,capture,taxa,effort
1951,Anguilla australis,1e-04,Anguilla australis,165533366.6
1951,Balistidae,1e-04,Balistidae,165533366.6
1951,Bivalvia,1e-04,Bivalvia,165533366.6
1951,Brachyura,1e-04,Brachyura,165533366.6
1951,Caesionidae,200,Caesionidae,165533366.6
1951,Drepane punctata,1e-04,Drepane punctata,165533366.6
1951,Exocoetidae,1e-04,Exocoetidae,165533366.6
1951,Gymnosarda unicolor,3,Gymnosarda unicolor,165533366.6
1951,Haemulidae (=Pomadasyidae),100,Haemulidae (=Pomadasyidae),165533366.6
1951,Invertebrata,1e-04,Invertebrata,165533366.6
1951,Penaeus semisulcatus,1e-04,Penaeus semisulcatus,165533366.6
1951,Phaeophyceae,1e-04,Phaeophyceae,165533366.6
1951,Plotosus spp,1e-04,Plotosus spp,165533366.6
1951,Pomatomus saltatrix,100,Pomatomus saltatrix,165533366.6
1951,Psettodes erumei,100,Psettodes erumei,165533366.6
1951,Rhopilema spp,1e-04,Rhopilema spp,165533366.6
1951,Sardinella lemuru,200,Sardinella lemuru,165533366.6
1951,Scomberomorus lineolatus,51,Scomberomorus lineolatus,165533366.6
1951,Scombridae,1e-04,Scombridae,165533366.6
1951,Seriola spp,200,Seriola spp,165533366.6
1951,Sparidae,100,Sparidae,165533366.6
1951,Sphyraena spp,1e-04,Sphyraena spp,165533366.6
1951,Sphyrnidae,3,Sphyrnidae,165533366.6
1951,Synodontidae,1e-04,Synodontidae,165533366.6
1951,Thunnus maccoyii,1e-04,Thunnus maccoyii,165533366.6
1951,Upeneus spp,200,Upeneus spp,165533366.6
1952,Anguilla australis,1e-04,Anguilla australis,162564880.2
1952,Balistidae,1e-04,Balistidae,162564880.2
1952,Bivalvia,1e-04,Bivalvia,162564880.2
1952,Brachyura,1e-04,Brachyura,162564880.2
1952,Caesionidae,200,Caesionidae,162564880.2
1952,Drepane punctata,1e-04,Drepane punctata,162564880.2
1952,Exocoetidae,1e-04,Exocoetidae,162564880.2
1952,Gymnosarda unicolor,3,Gymnosarda unicolor,162564880.2
1952,Haemulidae (=Pomadasyidae),100,Haemulidae (=Pomadasyidae),162564880.2
1952,Invertebrata,1e-04,Invertebrata,162564880.2
1952,Penaeus semisulcatus,1e-04,Penaeus semisulcatus,162564880.2
1952,Phaeophyceae,1e-04,Phaeophyceae,162564880.2
1952,Plotosus spp,1e-04,Plotosus spp,162564880.2
1952,Pomatomus saltatrix,100,Pomatomus saltatrix,162564880.2
1952,Psettodes erumei,200,Psettodes erumei,162564880.2
1952,Rhopilema spp,1e-04,Rhopilema spp,162564880.2
1952,Sardinella lemuru,200,Sardinella lemuru,162564880.2
1952,Scomberomorus lineolatus,33,Scomberomorus lineolatus,162564880.2
1952,Scombridae,1e-04,Scombridae,162564880.2
1952,Seriola spp,200,Seriola spp,162564880.2
1952,Sparidae,100,Sparidae,162564880.2
1952,Sphyraena spp,1e-04,Sphyraena spp,162564880.2
1952,Sphyrnidae,3,Sphyrnidae,162564880.2
1952,Synodontidae,1e-04,Synodontidae,162564880.2
1952,Thunnus maccoyii,13716,Thunnus maccoyii,162564880.2
1952,Upeneus spp,200,Upeneus spp,162564880.2
1953,Anguilla australis,1e-04,Anguilla australis,199857053.1
1953,Balistidae,1e-04,Balistidae,199857053.1
1953,Bivalvia,1e-04,Bivalvia,199857053.1
1953,Brachyura,1e-04,Brachyura,199857053.1
1953,Caesionidae,200,Caesionidae,199857053.1
1953,Drepane punctata,1e-04,Drepane punctata,199857053.1
1953,Exocoetidae,400,Exocoetidae,199857053.1
1953,Gymnosarda unicolor,3,Gymnosarda unicolor,199857053.1
1953,Haemulidae (=Pomadasyidae),100,Haemulidae (=Pomadasyidae),199857053.1
1953,Invertebrata,1e-04,Invertebrata,199857053.1
1953,Penaeus semisulcatus,1e-04,Penaeus semisulcatus,199857053.1
1953,Phaeophyceae,1e-04,Phaeophyceae,199857053.1
1953,Plotosus spp,1e-04,Plotosus spp,199857053.1
1953,Pomatomus saltatrix,100,Pomatomus saltatrix,199857053.1
1953,Psettodes erumei,200,Psettodes erumei,199857053.1
1953,Rhopilema spp,1e-04,Rhopilema spp,199857053.1
1953,Sardinella lemuru,200,Sardinella lemuru,199857053.1
1953,Scomberomorus lineolatus,20,Scomberomorus lineolatus,199857053.1
1953,Scombridae,1e-04,Scombridae,199857053.1
1953,Seriola spp,200,Seriola spp,199857053.1
1953,Sparidae,200,Sparidae,199857053.1
1953,Sphyraena spp,100,Sphyraena spp,199857053.1
1953,Sphyrnidae,3,Sphyrnidae,199857053.1
1953,Synodontidae,1e-04,Synodontidae,199857053.1
1953,Thunnus maccoyii,10448,Thunnus maccoyii,199857053.1
1953,Upeneus spp,500,Upeneus spp,199857053.1
1954,Anguilla australis,1e-04,Anguilla australis,206451678.9
1954,Balistidae,1e-04,Balistidae,206451678.9
1954,Bivalvia,1e-04,Bivalvia,206451678.9
1954,Brachyura,1e-04,Brachyura,206451678.9
1954,Caesionidae,200,Caesionidae,206451678.9
1954,Drepane punctata,1e-04,Drepane punctata,206451678.9
1954,Exocoetidae,200,Exocoetidae,206451678.9
1954,Gymnosarda unicolor,4,Gymnosarda unicolor,206451678.9
1954,Haemulidae (=Pomadasyidae),100,Haemulidae (=Pomadasyidae),206451678.9
1954,Invertebrata,1e-04,Invertebrata,206451678.9
1954,Penaeus semisulcatus,1e-04,Penaeus semisulcatus,206451678.9
1954,Phaeophyceae,1e-04,Phaeophyceae,206451678.9
1954,Plotosus spp,1e-04,Plotosus spp,206451678.9
1954,Pomatomus saltatrix,100,Pomatomus saltatrix,206451678.9
1954,Psettodes erumei,200,Psettodes erumei,206451678.9
1954,Rhopilema spp,1e-04,Rhopilema spp,206451678.9
1954,Sardinella lemuru,200,Sardinella lemuru,206451678.9
1954,Scomberomorus lineolatus,34,Scomberomorus lineolatus,206451678.9
1954,Scombridae,100,Scombridae,206451678.9
1954,Seriola spp,200,Seriola spp,206451678.9
1954,Sparidae,100,Sparidae,206451678.9
1954,Sphyraena spp,2000,Sphyraena spp,206451678.9
1954,Sphyrnidae,4,Sphyrnidae,206451678.9
1954,Synodontidae,1e-04,Synodontidae,206451678.9
1954,Thunnus maccoyii,9094,Thunnus maccoyii,206451678.9
1954,Upeneus spp,600,Upeneus spp,206451678.9
1955,Anguilla australis,1e-04,Anguilla australis,182172825.9
1955,Balistidae,1e-04,Balistidae,182172825.9
1955,Bivalvia,1e-04,Bivalvia,182172825.9
1955,Brachyura,1e-04,Brachyura,182172825.9
1955,Caesionidae,200,Caesionidae,182172825.9
1955,Drepane punctata,1e-04,Drepane punctata,182172825.9
1955,Exocoetidae,2900,Exocoetidae,182172825.9
1955,Gymnosarda unicolor,4,Gymnosarda unicolor,182172825.9
1955,Haemulidae (=Pomadasyidae),100,Haemulidae (=Pomadasyidae),182172825.9
1955,Invertebrata,1e-04,Invertebrata,182172825.9
1955,Penaeus semisulcatus,1e-04,Penaeus semisulcatus,182172825.9
1955,Phaeophyceae,1e-04,Phaeophyceae,182172825.9
1955,Plotosus spp,1e-04,Plotosus spp,182172825.9
1955,Pomatomus saltatrix,100,Pomatomus saltatrix,182172825.9
1955,Psettodes erumei,200,Psettodes erumei,182172825.9
1955,Rhopilema spp,1e-04,Rhopilema spp,182172825.9
1955,Sardinella lemuru,200,Sardinella lemuru,182172825.9
1955,Scomberomorus lineolatus,29,Scomberomorus lineolatus,182172825.9
1955,Scombridae,1e-04,Scombridae,182172825.9
1955,Seriola spp,100,Seriola spp,182172825.9
1955,Sparidae,100,Sparidae,182172825.9
1955,Sphyraena spp,200,Sphyraena spp,182172825.9
1955,Sphyrnidae,4,Sphyrnidae,182172825.9
1955,Synodontidae,1e-04,Synodontidae,182172825.9
1955,Thunnus maccoyii,10593,Thunnus maccoyii,182172825.9
1955,Upeneus spp,500,Upeneus spp,182172825.9
1956,Anguilla australis,1e-04,Anguilla australis,192835019.2
1956,Balistidae,1e-04,Balistidae,192835019.2
1956,Bivalvia,1e-04,Bivalvia,192835019.2
1956,Brachyura,1e-04,Brachyura,192835019.2
1956,Caesionidae,200,Caesionidae,192835019.2
1956,Drepane punctata,1e-04,Drepane punctata,192835019.2
1956,Exocoetidae,2200,Exocoetidae,192835019.2
1956,Gymnosarda unicolor,4,Gymnosarda unicolor,192835019.2
1956,Haemulidae (=Pomadasyidae),100,Haemulidae (=Pomadasyidae),192835019.2
1956,Invertebrata,1e-04,Invertebrata,192835019.2
1956,Penaeus semisulcatus,1e-04,Penaeus semisulcatus,192835019.2
1956,Phaeophyceae,1e-04,Phaeophyceae,192835019.2
1956,Plotosus spp,1e-04,Plotosus spp,192835019.2
1956,Pomatomus saltatrix,100,Pomatomus saltatrix,192835019.2
1956,Psettodes erumei,200,Psettodes erumei,192835019.2
1956,Rhopilema spp,1e-04,Rhopilema spp,192835019.2
1956,Sardinella lemuru,200,Sardinella lemuru,192835019.2
1956,Scomberomorus lineolatus,94,Scomberomorus lineolatus,192835019.2
1956,Scombridae,1e-04,Scombridae,192835019.2
1956,Seriola spp,200,Seriola spp,192835019.2
1956,Sparidae,100,Sparidae,192835019.2
1956,Sphyraena spp,1700,Sphyraena spp,192835019.2
1956,Sphyrnidae,4,Sphyrnidae,192835019.2
1956,Synodontidae,1e-04,Synodontidae,192835019.2
1956,Thunnus maccoyii,15745,Thunnus maccoyii,192835019.2
1956,Upeneus spp,2800,Upeneus spp,192835019.2
1957,Anguilla australis,1e-04,Anguilla australis,256323154.6
1957,Balistidae,1e-04,Balistidae,256323154.6
1957,Bivalvia,1e-04,Bivalvia,256323154.6
1957,Brachyura,1e-04,Brachyura,256323154.6
1957,Caesionidae,200,Caesionidae,256323154.6
1957,Drepane punctata,1e-04,Drepane punctata,256323154.6
1957,Exocoetidae,900,Exocoetidae,256323154.6
1957,Gymnosarda unicolor,4,Gymnosarda unicolor,256323154.6
1957,Haemulidae (=Pomadasyidae),100,Haemulidae (=Pomadasyidae),256323154.6
1957,Invertebrata,1e-04,Invertebrata,256323154.6
1957,Penaeus semisulcatus,1e-04,Penaeus semisulcatus,256323154.6
1957,Phaeophyceae,1e-04,Phaeophyceae,256323154.6
1957,Plotosus spp,1e-04,Plotosus spp,256323154.6
1957,Pomatomus saltatrix,200,Pomatomus saltatrix,256323154.6
1957,Psettodes erumei,200,Psettodes erumei,256323154.6
1957,Rhopilema spp,1e-04,Rhopilema spp,256323154.6
1957,Sardinella lemuru,200,Sardinella lemuru,256323154.6
1957,Scomberomorus lineolatus,40,Scomberomorus lineolatus,256323154.6
1957,Scombridae,1e-04,Scombridae,256323154.6
1957,Seriola spp,300,Seriola spp,256323154.6
1957,Sparidae,200,Sparidae,256323154.6
1957,Sphyraena spp,200,Sphyraena spp,256323154.6
1957,Sphyrnidae,4,Sphyrnidae,256323154.6
1957,Synodontidae,1e-04,Synodontidae,256323154.6
1957,Thunnus maccoyii,15324,Thunnus maccoyii,256323154.6
1957,Upeneus spp,1000,Upeneus spp,256323154.6
1958,Anguilla australis,1e-04,Anguilla australis,229344736.7
1958,Balistidae,1e-04,Balistidae,229344736.7
1958,Bivalvia,1e-04,Bivalvia,229344736.7
1958,Brachyura,1e-04,Brachyura,229344736.7
1958,Caesionidae,200,Caesionidae,229344736.7
1958,Drepane punctata,1e-04,Drepane punctata,229344736.7
1958,Exocoetidae,300,Exocoetidae,229344736.7
1958,Gymnosarda unicolor,4,Gymnosarda unicolor,229344736.7
1958,Haemulidae (=Pomadasyidae),100,Haemulidae (=Pomadasyidae),229344736.7
1958,Invertebrata,1e-04,Invertebrata,229344736.7
1958,Penaeus semisulcatus,1e-04,Penaeus semisulcatus,229344736.7
1958,Phaeophyceae,1e-04,Phaeophyceae,229344736.7
1958,Plotosus spp,1e-04,Plotosus spp,229344736.7
1958,Pomatomus saltatrix,200,Pomatomus saltatrix,229344736.7
1958,Psettodes erumei,200,Psettodes erumei,229344736.7
1958,Rhopilema spp,1e-04,Rhopilema spp,229344736.7
1958,Sardinella lemuru,200,Sardinella lemuru,229344736.7
1958,Scomberomorus lineolatus,53,Scomberomorus lineolatus,229344736.7
1958,Scombridae,100,Scombridae,229344736.7
1958,Seriola spp,300,Seriola spp,229344736.7
1958,Sparidae,100,Sparidae,229344736.7
1958,Sphyraena spp,400,Sphyraena spp,229344736.7
1958,Sphyrnidae,4,Sphyrnidae,229344736.7
1958,Synodontidae,1e-04,Synodontidae,229344736.7
1958,Thunnus maccoyii,10201,Thunnus maccoyii,229344736.7
1958,Upeneus spp,700,Upeneus spp,229344736.7
1959,Anguilla australis,1e-04,Anguilla australis,312107996.7
1959,Balistidae,1e-04,Balistidae,312107996.7
1959,Bivalvia,1e-04,Bivalvia,312107996.7
1959,Brachyura,1e-04,Brachyura,312107996.7
1959,Caesionidae,200,Caesionidae,312107996.7
1959,Drepane punctata,1e-04,Drepane punctata,312107996.7
1959,Exocoetidae,1500,Exocoetidae,312107996.7
1959,Gymnosarda unicolor,4,Gymnosarda unicolor,312107996.7
1959,Haemulidae (=Pomadasyidae),100,Haemulidae (=Pomadasyidae),312107996.7
1959,Invertebrata,1e-04,Invertebrata,312107996.7
1959,Penaeus semisulcatus,1e-04,Penaeus semisulcatus,312107996.7
1959,Phaeophyceae,1e-04,Phaeophyceae,312107996.7
1959,Plotosus spp,1e-04,Plotosus spp,312107996.7
1959,Pomatomus saltatrix,100,Pomatomus saltatrix,312107996.7
1959,Psettodes erumei,200,Psettodes erumei,312107996.7
1959,Rhopilema spp,1e-04,Rhopilema spp,312107996.7
1959,Sardinella lemuru,200,Sardinella lemuru,312107996.7
1959,Scomberomorus lineolatus,40,Scomberomorus lineolatus,312107996.7
1959,Scombridae,100,Scombridae,312107996.7
1959,Seriola spp,300,Seriola spp,312107996.7
1959,Sparidae,100,Sparidae,312107996.7
1959,Sphyraena spp,500,Sphyraena spp,312107996.7
1959,Sphyrnidae,4,Sphyrnidae,312107996.7
1959,Synodontidae,1e-04,Synodontidae,312107996.7
1959,Thunnus maccoyii,50449,Thunnus maccoyii,312107996.7
1959,Upeneus spp,600,Upeneus spp,312107996.7
1960,Anguilla australis,1e-04,Anguilla australis,288793467.6
1960,Balistidae,1e-04,Balistidae,288793467.6
1960,Bivalvia,1e-04,Bivalvia,288793467.6
1960,Brachyura,1e-04,Brachyura,288793467.6
1960,Caesionidae,200,Caesionidae,288793467.6
1960,Drepane punctata,1e-04,Drepane punctata,288793467.6
1960,Exocoetidae,5700,Exocoetidae,288793467.6
1960,Gymnosarda unicolor,4,Gymnosarda unicolor,288793467.6
1960,Haemulidae (=Pomadasyidae),100,Haemulidae (=Pomadasyidae),288793467.6
1960,Invertebrata,1e-04,Invertebrata,288793467.6
1960,Penaeus semisulcatus,1e-04,Penaeus semisulcatus,288793467.6
1960,Phaeophyceae,1e-04,Phaeophyceae,288793467.6
1960,Plotosus spp,1e-04,Plotosus spp,288793467.6
1960,Pomatomus saltatrix,200,Pomatomus saltatrix,288793467.6
1960,Psettodes erumei,200,Psettodes erumei,288793467.6
1960,Rhopilema spp,1e-04,Rhopilema spp,288793467.6
1960,Sardinella lemuru,200,Sardinella lemuru,288793467.6
1960,Scomberomorus lineolatus,56,Scomberomorus lineolatus,288793467.6
1960,Scombridae,200,Scombridae,288793467.6
1960,Seriola spp,200,Seriola spp,288793467.6
1960,Sparidae,100,Sparidae,288793467.6
1960,Sphyraena spp,1000,Sphyraena spp,288793467.6
1960,Sphyrnidae,4,Sphyrnidae,288793467.6
1960,Synodontidae,1e-04,Synodontidae,288793467.6
1960,Thunnus maccoyii,72908,Thunnus maccoyii,288793467.6
1960,Upeneus spp,800,Upeneus spp,288793467.6
1961,Anguilla australis,1e-04,Anguilla australis,270805835.7
1961,Balistidae,1e-04,Balistidae,270805835.7
1961,Bivalvia,1e-04,Bivalvia,270805835.7
1961,Brachyura,800,Brachyura,270805835.7
1961,Caesionidae,300,Caesionidae,270805835.7
1961,Drepane punctata,1e-04,Drepane punctata,270805835.7
1961,Exocoetidae,1500,Exocoetidae,270805835.7
1961,Gymnosarda unicolor,4,Gymnosarda unicolor,270805835.7
1961,Haemulidae (=Pomadasyidae),200,Haemulidae (=Pomadasyidae),270805835.7
1961,Invertebrata,1e-04,Invertebrata,270805835.7
1961,Penaeus semisulcatus,1e-04,Penaeus semisulcatus,270805835.7
1961,Phaeophyceae,1e-04,Phaeophyceae,270805835.7
1961,Plotosus spp,1e-04,Plotosus spp,270805835.7
1961,Pomatomus saltatrix,200,Pomatomus saltatrix,270805835.7
1961,Psettodes erumei,200,Psettodes erumei,270805835.7
1961,Rhopilema spp,100,Rhopilema spp,270805835.7
1961,Sardinella lemuru,300,Sardinella lemuru,270805835.7
1961,Scomberomorus lineolatus,33,Scomberomorus lineolatus,270805835.7
1961,Scombridae,1e-04,Scombridae,270805835.7
1961,Seriola spp,200,Seriola spp,270805835.7
1961,Sparidae,100,Sparidae,270805835.7
1961,Sphyraena spp,700,Sphyraena spp,270805835.7
1961,Sphyrnidae,4,Sphyrnidae,270805835.7
1961,Synodontidae,500,Synodontidae,270805835.7
1961,Thunnus maccoyii,65537,Thunnus maccoyii,270805835.7
1961,Upeneus spp,800,Upeneus spp,270805835.7
1962,Anguilla australis,100,Anguilla australis,394752932.7
1962,Balistidae,1e-04,Balistidae,394752932.7
1962,Bivalvia,1e-04,Bivalvia,394752932.7
1962,Brachyura,1200,Brachyura,394752932.7
1962,Caesionidae,300,Caesionidae,394752932.7
1962,Drepane punctata,1e-04,Drepane punctata,394752932.7
1962,Exocoetidae,3600,Exocoetidae,394752932.7
1962,Gymnosarda unicolor,5,Gymnosarda unicolor,394752932.7
1962,Haemulidae (=Pomadasyidae),200,Haemulidae (=Pomadasyidae),394752932.7
1962,Invertebrata,1e-04,Invertebrata,394752932.7
1962,Penaeus semisulcatus,1e-04,Penaeus semisulcatus,394752932.7
1962,Phaeophyceae,1e-04,Phaeophyceae,394752932.7
1962,Plotosus spp,1e-04,Plotosus spp,394752932.7
1962,Pomatomus saltatrix,100,Pomatomus saltatrix,394752932.7
1962,Psettodes erumei,200,Psettodes erumei,394752932.7
1962,Rhopilema spp,100,Rhopilema spp,394752932.7
1962,Sardinella lemuru,300,Sardinella lemuru,394752932.7
1962,Scomberomorus lineolatus,42,Scomberomorus lineolatus,394752932.7
1962,Scombridae,1e-04,Scombridae,394752932.7
1962,Seriola spp,400,Seriola spp,394752932.7
1962,Sparidae,100,Sparidae,394752932.7
1962,Sphyraena spp,500,Sphyraena spp,394752932.7
1962,Sphyrnidae,5,Sphyrnidae,394752932.7
1962,Synodontidae,700,Synodontidae,394752932.7
1962,Thunnus maccoyii,35518,Thunnus maccoyii,394752932.7
1962,Upeneus spp,700,Upeneus spp,394752932.7
1963,Anguilla australis,100,Anguilla australis,368578087.1
1963,Balistidae,1e-04,Balistidae,368578087.1
1963,Bivalvia,1e-04,Bivalvia,368578087.1
1963,Brachyura,1100,Brachyura,368578087.1
1963,Caesionidae,300,Caesionidae,368578087.1
1963,Drepane punctata,1e-04,Drepane punctata,368578087.1
1963,Exocoetidae,900,Exocoetidae,368578087.1
1963,Gymnosarda unicolor,5,Gymnosarda unicolor,368578087.1
1963,Haemulidae (=Pomadasyidae),200,Haemulidae (=Pomadasyidae),368578087.1
1963,Invertebrata,1e-04,Invertebrata,368578087.1
1963,Penaeus semisulcatus,1e-04,Penaeus semisulcatus,368578087.1
1963,Phaeophyceae,1000,Phaeophyceae,368578087.1
1963,Plotosus spp,1e-04,Plotosus spp,368578087.1
1963,Pomatomus saltatrix,100,Pomatomus saltatrix,368578087.1
1963,Psettodes erumei,300,Psettodes erumei,368578087.1
1963,Rhopilema spp,100,Rhopilema spp,368578087.1
1963,Sardinella lemuru,300,Sardinella lemuru,368578087.1
1963,Scomberomorus lineolatus,57,Scomberomorus lineolatus,368578087.1
1963,Scombridae,1e-04,Scombridae,368578087.1
1963,Seriola spp,400,Seriola spp,368578087.1
1963,Sparidae,200,Sparidae,368578087.1
1963,Sphyraena spp,600,Sphyraena spp,368578087.1
1963,Sphyrnidae,5,Sphyrnidae,368578087.1
1963,Synodontidae,400,Synodontidae,368578087.1
1963,Thunnus maccoyii,52589,Thunnus maccoyii,368578087.1
1963,Upeneus spp,900,Upeneus spp,368578087.1
1964,Anguilla australis,100,Anguilla australis,390589700.7
1964,Balistidae,1e-04,Balistidae,390589700.7
1964,Bivalvia,1000,Bivalvia,390589700.7
1964,Brachyura,1000,Brachyura,390589700.7
1964,Caesionidae,300,Caesionidae,390589700.7
1964,Drepane punctata,1e-04,Drepane punctata,390589700.7
1964,Exocoetidae,700,Exocoetidae,390589700.7
1964,Gymnosarda unicolor,5,Gymnosarda unicolor,390589700.7
1964,Haemulidae (=Pomadasyidae),200,Haemulidae (=Pomadasyidae),390589700.7
1964,Invertebrata,1e-04,Invertebrata,390589700.7
1964,Penaeus semisulcatus,1e-04,Penaeus semisulcatus,390589700.7
1964,Phaeophyceae,2000,Phaeophyceae,390589700.7
1964,Plotosus spp,100,Plotosus spp,390589700.7
1964,Pomatomus saltatrix,100,Pomatomus saltatrix,390589700.7
1964,Psettodes erumei,300,Psettodes erumei,390589700.7
1964,Rhopilema spp,100,Rhopilema spp,390589700.7
1964,Sardinella lemuru,300,Sardinella lemuru,390589700.7
1964,Scomberomorus lineolatus,52,Scomberomorus lineolatus,390589700.7
1964,Scombridae,1e-04,Scombridae,390589700.7
1964,Seriola spp,300,Seriola spp,390589700.7
1964,Sparidae,100,Sparidae,390589700.7
1964,Sphyraena spp,1000,Sphyraena spp,390589700.7
1964,Sphyrnidae,5,Sphyrnidae,390589700.7
1964,Synodontidae,800,Synodontidae,390589700.7
1964,Thunnus maccoyii,38906,Thunnus maccoyii,390589700.7
1964,Upeneus spp,900,Upeneus spp,390589700.7
1965,Anguilla australis,100,Anguilla australis,394530929.1
1965,Balistidae,1e-04,Balistidae,394530929.1
1965,Bivalvia,900,Bivalvia,394530929.1
1965,Brachyura,1100,Brachyura,394530929.1
1965,Caesionidae,400,Caesionidae,394530929.1
1965,Drepane punctata,1e-04,Drepane punctata,394530929.1
1965,Exocoetidae,400,Exocoetidae,394530929.1
1965,Gymnosarda unicolor,5,Gymnosarda unicolor,394530929.1
1965,Haemulidae (=Pomadasyidae),200,Haemulidae (=Pomadasyidae),394530929.1
1965,Invertebrata,1e-04,Invertebrata,394530929.1
1965,Penaeus semisulcatus,1e-04,Penaeus semisulcatus,394530929.1
1965,Phaeophyceae,5000,Phaeophyceae,394530929.1
1965,Plotosus spp,100,Plotosus spp,394530929.1
1965,Pomatomus saltatrix,100,Pomatomus saltatrix,394530929.1
1965,Psettodes erumei,300,Psettodes erumei,394530929.1
1965,Rhopilema spp,100,Rhopilema spp,394530929.1
1965,Sardinella lemuru,300,Sardinella lemuru,394530929.1
1965,Scomberomorus lineolatus,39,Scomberomorus lineolatus,394530929.1
1965,Scombridae,3000,Scombridae,394530929.1
1965,Seriola spp,100,Seriola spp,394530929.1
1965,Sparidae,300,Sparidae,394530929.1
1965,Sphyraena spp,900,Sphyraena spp,394530929.1
1965,Sphyrnidae,5,Sphyrnidae,394530929.1
1965,Synodontidae,300,Synodontidae,394530929.1
1965,Thunnus maccoyii,38215,Thunnus maccoyii,394530929.1
1965,Upeneus spp,800,Upeneus spp,394530929.1
1966,Anguilla australis,100,Anguilla australis,454190694.1
1966,Balistidae,1e-04,Balistidae,454190694.1
1966,Bivalvia,400,Bivalvia,454190694.1
1966,Brachyura,1500,Brachyura,454190694.1
1966,Caesionidae,400,Caesionidae,454190694.1
1966,Drepane punctata,1e-04,Drepane punctata,454190694.1
1966,Exocoetidae,3300,Exocoetidae,454190694.1
1966,Gymnosarda unicolor,6,Gymnosarda unicolor,454190694.1
1966,Haemulidae (=Pomadasyidae),200,Haemulidae (=Pomadasyidae),454190694.1
1966,Invertebrata,1e-04,Invertebrata,454190694.1
1966,Penaeus semisulcatus,1e-04,Penaeus semisulcatus,454190694.1
1966,Phaeophyceae,7000,Phaeophyceae,454190694.1
1966,Plotosus spp,300,Plotosus spp,454190694.1
1966,Pomatomus saltatrix,100,Pomatomus saltatrix,454190694.1
1966,Psettodes erumei,300,Psettodes erumei,454190694.1
1966,Rhopilema spp,100,Rhopilema spp,454190694.1
1966,Sardinella lemuru,400,Sardinella lemuru,454190694.1
1966,Scomberomorus lineolatus,59,Scomberomorus lineolatus,454190694.1
1966,Scombridae,3000,Scombridae,454190694.1
1966,Seriola spp,100,Seriola spp,454190694.1
1966,Sparidae,200,Sparidae,454190694.1
1966,Sphyraena spp,700,Sphyraena spp,454190694.1
1966,Sphyrnidae,6,Sphyrnidae,454190694.1
1966,Synodontidae,500,Synodontidae,454190694.1
1966,Thunnus maccoyii,39312,Thunnus maccoyii,454190694.1
1966,Upeneus spp,900,Upeneus spp,454190694.1
1967,Anguilla australis,100,Anguilla australis,554250010.2
1967,Balistidae,1e-04,Balistidae,554250010.2
1967,Bivalvia,300,Bivalvia,554250010.2
1967,Brachyura,1700,Brachyura,554250010.2
1967,Caesionidae,400,Caesionidae,554250010.2
1967,Drepane punctata,1e-04,Drepane punctata,554250010.2
1967,Exocoetidae,2500,Exocoetidae,554250010.2
1967,Gymnosarda unicolor,6,Gymnosarda unicolor,554250010.2
1967,Haemulidae (=Pomadasyidae),200,Haemulidae (=Pomadasyidae),554250010.2
1967,Invertebrata,1e-04,Invertebrata,554250010.2
1967,Penaeus semisulcatus,1e-04,Penaeus semisulcatus,554250010.2
1967,Phaeophyceae,7000,Phaeophyceae,554250010.2
1967,Plotosus spp,500,Plotosus spp,554250010.2
1967,Pomatomus saltatrix,100,Pomatomus saltatrix,554250010.2
1967,Psettodes erumei,300,Psettodes erumei,554250010.2
1967,Rhopilema spp,100,Rhopilema spp,554250010.2
1967,Sardinella lemuru,300,Sardinella lemuru,554250010.2
1967,Scomberomorus lineolatus,82,Scomberomorus lineolatus,554250010.2
1967,Scombridae,3000,Scombridae,554250010.2
1967,Seriola spp,100,Seriola spp,554250010.2
1967,Sparidae,1000,Sparidae,554250010.2
1967,Sphyraena spp,1500,Sphyraena spp,554250010.2
1967,Sphyrnidae,6,Sphyrnidae,554250010.2
1967,Synodontidae,1400,Synodontidae,554250010.2
1967,Thunnus maccoyii,50174,Thunnus maccoyii,554250010.2
1967,Upeneus spp,1600,Upeneus spp,554250010.2
1968,Anguilla australis,200,Anguilla australis,710893106.9
1968,Balistidae,1e-04,Balistidae,710893106.9
1968,Bivalvia,400,Bivalvia,710893106.9
1968,Brachyura,1700,Brachyura,710893106.9
1968,Caesionidae,400,Caesionidae,710893106.9
1968,Drepane punctata,1e-04,Drepane punctata,710893106.9
1968,Exocoetidae,3200,Exocoetidae,710893106.9
1968,Gymnosarda unicolor,6,Gymnosarda unicolor,710893106.9
1968,Haemulidae (=Pomadasyidae),200,Haemulidae (=Pomadasyidae),710893106.9
1968,Invertebrata,100,Invertebrata,710893106.9
1968,Penaeus semisulcatus,1e-04,Penaeus semisulcatus,710893106.9
1968,Phaeophyceae,7000,Phaeophyceae,710893106.9
1968,Plotosus spp,400,Plotosus spp,710893106.9
1968,Pomatomus saltatrix,100,Pomatomus saltatrix,710893106.9
1968,Psettodes erumei,300,Psettodes erumei,710893106.9
1968,Rhopilema spp,100,Rhopilema spp,710893106.9
1968,Sardinella lemuru,400,Sardinella lemuru,710893106.9
1968,Scomberomorus lineolatus,95,Scomberomorus lineolatus,710893106.9
1968,Scombridae,3000,Scombridae,710893106.9
1968,Seriola spp,100,Seriola spp,710893106.9
1968,Sparidae,400,Sparidae,710893106.9
1968,Sphyraena spp,1200,Sphyraena spp,710893106.9
1968,Sphyrnidae,6,Sphyrnidae,710893106.9
1968,Synodontidae,1100,Synodontidae,710893106.9
1968,Thunnus maccoyii,28800,Thunnus maccoyii,710893106.9
1968,Upeneus spp,1500,Upeneus spp,710893106.9
1969,Anguilla australis,200,Anguilla australis,629011933.9
1969,Balistidae,100,Balistidae,629011933.9
1969,Bivalvia,400,Bivalvia,629011933.9
1969,Brachyura,2000,Brachyura,629011933.9
1969,Caesionidae,400,Caesionidae,629011933.9
1969,Drepane punctata,1e-04,Drepane punctata,629011933.9
1969,Exocoetidae,2600,Exocoetidae,629011933.9
1969,Gymnosarda unicolor,7,Gymnosarda unicolor,629011933.9
1969,Haemulidae (=Pomadasyidae),200,Haemulidae (=Pomadasyidae),629011933.9
1969,Invertebrata,100,Invertebrata,629011933.9
1969,Penaeus semisulcatus,1e-04,Penaeus semisulcatus,629011933.9
1969,Phaeophyceae,7000,Phaeophyceae,629011933.9
1969,Plotosus spp,400,Plotosus spp,629011933.9
1969,Pomatomus saltatrix,100,Pomatomus saltatrix,629011933.9
1969,Psettodes erumei,400,Psettodes erumei,629011933.9
1969,Rhopilema spp,100,Rhopilema spp,629011933.9
1969,Sardinella lemuru,400,Sardinella lemuru,629011933.9
1969,Scomberomorus lineolatus,93,Scomberomorus lineolatus,629011933.9
1969,Scombridae,4000,Scombridae,629011933.9
1969,Seriola spp,1e-04,Seriola spp,629011933.9
1969,Sparidae,400,Sparidae,629011933.9
1969,Sphyraena spp,1300,Sphyraena spp,629011933.9
1969,Sphyrnidae,7,Sphyrnidae,629011933.9
1969,Synodontidae,1600,Synodontidae,629011933.9
1969,Thunnus maccoyii,27024,Thunnus maccoyii,629011933.9
1969,Upeneus spp,1500,Upeneus spp,629011933.9
1970,Anguilla australis,100,Anguilla australis,387871469.6
1970,Balistidae,60,Balistidae,387871469.6
1970,Bivalvia,670,Bivalvia,387871469.6
1970,Brachyura,1660,Brachyura,387871469.6
1970,Caesionidae,210,Caesionidae,387871469.6
1970,Drepane punctata,20,Drepane punctata,387871469.6
1970,Exocoetidae,2900,Exocoetidae,387871469.6
1970,Gymnosarda unicolor,6,Gymnosarda unicolor,387871469.6
1970,Haemulidae (=Pomadasyidae),300,Haemulidae (=Pomadasyidae),387871469.6
1970,Invertebrata,100,Invertebrata,387871469.6
1970,Penaeus semisulcatus,100,Penaeus semisulcatus,387871469.6
1970,Phaeophyceae,5000,Phaeophyceae,387871469.6
1970,Plotosus spp,340,Plotosus spp,387871469.6
1970,Pomatomus saltatrix,100,Pomatomus saltatrix,387871469.6
1970,Psettodes erumei,400,Psettodes erumei,387871469.6
1970,Rhopilema spp,100,Rhopilema spp,387871469.6
1970,Sardinella lemuru,500,Sardinella lemuru,387871469.6
1970,Scomberomorus lineolatus,103,Scomberomorus lineolatus,387871469.6
1970,Scombridae,3600,Scombridae,387871469.6
1970,Seriola spp,100,Seriola spp,387871469.6
1970,Sparidae,500,Sparidae,387871469.6
1970,Sphyraena spp,1490,Sphyraena spp,387871469.6
1970,Sphyrnidae,6,Sphyrnidae,387871469.6
1970,Synodontidae,2730,Synodontidae,387871469.6
1970,Thunnus maccoyii,23174,Thunnus maccoyii,387871469.6
1970,Upeneus spp,2190,Upeneus spp,387871469.6
1971,Anguilla australis,200,Anguilla australis,458649602.1
1971,Balistidae,60,Balistidae,458649602.1
1971,Bivalvia,760,Bivalvia,458649602.1
1971,Brachyura,1280,Brachyura,458649602.1
1971,Caesionidae,210,Caesionidae,458649602.1
1971,Drepane punctata,30,Drepane punctata,458649602.1
1971,Exocoetidae,9200,Exocoetidae,458649602.1
1971,Gymnosarda unicolor,6,Gymnosarda unicolor,458649602.1
1971,Haemulidae (=Pomadasyidae),300,Haemulidae (=Pomadasyidae),458649602.1
1971,Invertebrata,100,Invertebrata,458649602.1
1971,Penaeus semisulcatus,100,Penaeus semisulcatus,458649602.1
1971,Phaeophyceae,4000,Phaeophyceae,458649602.1
1971,Plotosus spp,210,Plotosus spp,458649602.1
1971,Pomatomus saltatrix,100,Pomatomus saltatrix,458649602.1
1971,Psettodes erumei,500,Psettodes erumei,458649602.1
1971,Rhopilema spp,100,Rhopilema spp,458649602.1
1971,Sardinella lemuru,500,Sardinella lemuru,458649602.1
1971,Scomberomorus lineolatus,121,Scomberomorus lineolatus,458649602.1
1971,Scombridae,5100,Scombridae,458649602.1
1971,Seriola spp,100,Seriola spp,458649602.1
1971,Sparidae,600,Sparidae,458649602.1
1971,Sphyraena spp,1160,Sphyraena spp,458649602.1
1971,Sphyrnidae,6,Sphyrnidae,458649602.1
1971,Synodontidae,2680,Synodontidae,458649602.1
1971,Thunnus maccoyii,24140,Thunnus maccoyii,458649602.1
1971,Upeneus spp,2390,Upeneus spp,458649602.1
1972,Anguilla australis,200,Anguilla australis,451695836.9
1972,Balistidae,60,Balistidae,451695836.9
1972,Bivalvia,380,Bivalvia,451695836.9
1972,Brachyura,1130,Brachyura,451695836.9
1972,Caesionidae,410,Caesionidae,451695836.9
1972,Drepane punctata,70,Drepane punctata,451695836.9
1972,Exocoetidae,1200,Exocoetidae,451695836.9
1972,Gymnosarda unicolor,7,Gymnosarda unicolor,451695836.9
1972,Haemulidae (=Pomadasyidae),300,Haemulidae (=Pomadasyidae),451695836.9
1972,Invertebrata,100,Invertebrata,451695836.9
1972,Penaeus semisulcatus,100,Penaeus semisulcatus,451695836.9
1972,Phaeophyceae,6300,Phaeophyceae,451695836.9
1972,Plotosus spp,210,Plotosus spp,451695836.9
1972,Pomatomus saltatrix,100,Pomatomus saltatrix,451695836.9
1972,Psettodes erumei,400,Psettodes erumei,451695836.9
1972,Rhopilema spp,100,Rhopilema spp,451695836.9
1972,Sardinella lemuru,500,Sardinella lemuru,451695836.9
1972,Scomberomorus lineolatus,133,Scomberomorus lineolatus,451695836.9
1972,Scombridae,6200,Scombridae,451695836.9
1972,Seriola spp,100,Seriola spp,451695836.9
1972,Sparidae,400,Sparidae,451695836.9
1972,Sphyraena spp,1160,Sphyraena spp,451695836.9
1972,Sphyrnidae,7,Sphyrnidae,451695836.9
1972,Synodontidae,2560,Synodontidae,451695836.9
1972,Thunnus maccoyii,24044,Thunnus maccoyii,451695836.9
1972,Upeneus spp,2190,Upeneus spp,451695836.9
1973,Anguilla australis,1e-04,Anguilla australis,458349694.2
1973,Balistidae,60,Balistidae,458349694.2
1973,Bivalvia,290,Bivalvia,458349694.2
1973,Brachyura,1800,Brachyura,458349694.2
1973,Caesionidae,510,Caesionidae,458349694.2
1973,Drepane punctata,70,Drepane punctata,458349694.2
1973,Exocoetidae,5900,Exocoetidae,458349694.2
1973,Gymnosarda unicolor,8,Gymnosarda unicolor,458349694.2
1973,Haemulidae (=Pomadasyidae),200,Haemulidae (=Pomadasyidae),458349694.2
1973,Invertebrata,1e-04,Invertebrata,458349694.2
1973,Penaeus semisulcatus,100,Penaeus semisulcatus,458349694.2
1973,Phaeophyceae,6300,Phaeophyceae,458349694.2
1973,Plotosus spp,140,Plotosus spp,458349694.2
1973,Pomatomus saltatrix,1e-04,Pomatomus saltatrix,458349694.2
1973,Psettodes erumei,300,Psettodes erumei,458349694.2
1973,Rhopilema spp,100,Rhopilema spp,458349694.2
1973,Sardinella lemuru,400,Sardinella lemuru,458349694.2
1973,Scomberomorus lineolatus,97,Scomberomorus lineolatus,458349694.2
1973,Scombridae,4900,Scombridae,458349694.2
1973,Seriola spp,100,Seriola spp,458349694.2
1973,Sparidae,1e-04,Sparidae,458349694.2
1973,Sphyraena spp,1120,Sphyraena spp,458349694.2
1973,Sphyrnidae,8,Sphyrnidae,458349694.2
1973,Synodontidae,2720,Synodontidae,458349694.2
1973,Thunnus maccoyii,18292,Thunnus maccoyii,458349694.2
1973,Upeneus spp,1620,Upeneus spp,458349694.2
1974,Anguilla australis,15,Anguilla australis,544582532.1
1974,Balistidae,113,Balistidae,544582532.1
1974,Bivalvia,65,Bivalvia,544582532.1
1974,Brachyura,1780,Brachyura,544582532.1
1974,Caesionidae,1070,Caesionidae,544582532.1
1974,Drepane punctata,68,Drepane punctata,544582532.1
1974,Exocoetidae,5980,Exocoetidae,544582532.1
1974,Gymnosarda unicolor,9,Gymnosarda unicolor,544582532.1
1974,Haemulidae (=Pomadasyidae),168,Haemulidae (=Pomadasyidae),544582532.1
1974,Invertebrata,1e-04,Invertebrata,544582532.1
1974,Penaeus semisulcatus,100,Penaeus semisulcatus,544582532.1
1974,Phaeophyceae,3900,Phaeophyceae,544582532.1
1974,Plotosus spp,204,Plotosus spp,544582532.1
1974,Pomatomus saltatrix,39,Pomatomus saltatrix,544582532.1
1974,Psettodes erumei,429,Psettodes erumei,544582532.1
1974,Rhopilema spp,19,Rhopilema spp,544582532.1
1974,Sardinella lemuru,291,Sardinella lemuru,544582532.1
1974,Scomberomorus lineolatus,110,Scomberomorus lineolatus,544582532.1
1974,Scombridae,4310,Scombridae,544582532.1
1974,Seriola spp,86,Seriola spp,544582532.1
1974,Sparidae,54,Sparidae,544582532.1
1974,Sphyraena spp,2150,Sphyraena spp,544582532.1
1974,Sphyrnidae,9,Sphyrnidae,544582532.1
1974,Synodontidae,4010,Synodontidae,544582532.1
1974,Thunnus maccoyii,25200,Thunnus maccoyii,544582532.1
1974,Upeneus spp,2590,Upeneus spp,544582532.1
1975,Anguilla australis,4,Anguilla australis,499198811.5
1975,Balistidae,133,Balistidae,499198811.5
1975,Bivalvia,4760,Bivalvia,499198811.5
1975,Brachyura,2503,Brachyura,499198811.5
1975,Caesionidae,1233,Caesionidae,499198811.5
1975,Drepane punctata,212,Drepane punctata,499198811.5
1975,Exocoetidae,2101,Exocoetidae,499198811.5
1975,Gymnosarda unicolor,13,Gymnosarda unicolor,499198811.5
1975,Haemulidae (=Pomadasyidae),655,Haemulidae (=Pomadasyidae),499198811.5
1975,Invertebrata,331,Invertebrata,499198811.5
1975,Penaeus semisulcatus,260,Penaeus semisulcatus,499198811.5
1975,Phaeophyceae,4000,Phaeophyceae,499198811.5
1975,Plotosus spp,308,Plotosus spp,499198811.5
1975,Pomatomus saltatrix,58,Pomatomus saltatrix,499198811.5
1975,Psettodes erumei,380,Psettodes erumei,499198811.5
1975,Rhopilema spp,627,Rhopilema spp,499198811.5
1975,Sardinella lemuru,7791,Sardinella lemuru,499198811.5
1975,Scomberomorus lineolatus,79,Scomberomorus lineolatus,499198811.5
1975,Scombridae,8026,Scombridae,499198811.5
1975,Seriola spp,82,Seriola spp,499198811.5
1975,Sparidae,48,Sparidae,499198811.5
1975,Sphyraena spp,1917,Sphyraena spp,499198811.5
1975,Sphyrnidae,13,Sphyrnidae,499198811.5
1975,Synodontidae,2875,Synodontidae,499198811.5
1975,Thunnus maccoyii,15035,Thunnus maccoyii,499198811.5
1975,Upeneus spp,6436,Upeneus spp,499198811.5
1976,Anguilla australis,18,Anguilla australis,388246855
1976,Balistidae,78,Balistidae,388246855
1976,Bivalvia,631,Bivalvia,388246855
1976,Brachyura,3209,Brachyura,388246855
1976,Caesionidae,1487,Caesionidae,388246855
1976,Drepane punctata,125,Drepane punctata,388246855
1976,Exocoetidae,1577,Exocoetidae,388246855
1976,Gymnosarda unicolor,15,Gymnosarda unicolor,388246855
1976,Haemulidae (=Pomadasyidae),652,Haemulidae (=Pomadasyidae),388246855
1976,Invertebrata,340,Invertebrata,388246855
1976,Penaeus semisulcatus,616,Penaeus semisulcatus,388246855
1976,Phaeophyceae,4870,Phaeophyceae,388246855
1976,Plotosus spp,276,Plotosus spp,388246855
1976,Pomatomus saltatrix,70,Pomatomus saltatrix,388246855
1976,Psettodes erumei,1590,Psettodes erumei,388246855
1976,Rhopilema spp,8858,Rhopilema spp,388246855
1976,Sardinella lemuru,16943,Sardinella lemuru,388246855
1976,Scomberomorus lineolatus,109,Scomberomorus lineolatus,388246855
1976,Scombridae,11024,Scombridae,388246855
1976,Seriola spp,79,Seriola spp,388246855
1976,Sparidae,39,Sparidae,388246855
1976,Sphyraena spp,2137,Sphyraena spp,388246855
1976,Sphyrnidae,15,Sphyrnidae,388246855
1976,Synodontidae,5202,Synodontidae,388246855
1976,Thunnus maccoyii,23777,Thunnus maccoyii,388246855
1976,Upeneus spp,7453,Upeneus spp,388246855
1977,Anguilla australis,12,Anguilla australis,464029876.4
1977,Balistidae,325,Balistidae,464029876.4
1977,Bivalvia,1998,Bivalvia,464029876.4
1977,Brachyura,3498,Brachyura,464029876.4
1977,Caesionidae,2537,Caesionidae,464029876.4
1977,Drepane punctata,52,Drepane punctata,464029876.4
1977,Exocoetidae,816,Exocoetidae,464029876.4
1977,Gymnosarda unicolor,17,Gymnosarda unicolor,464029876.4
1977,Haemulidae (=Pomadasyidae),1042,Haemulidae (=Pomadasyidae),464029876.4
1977,Invertebrata,16,Invertebrata,464029876.4
1977,Penaeus semisulcatus,1211,Penaeus semisulcatus,464029876.4
1977,Phaeophyceae,15384,Phaeophyceae,464029876.4
1977,Plotosus spp,330,Plotosus spp,464029876.4
1977,Pomatomus saltatrix,37,Pomatomus saltatrix,464029876.4
1977,Psettodes erumei,2847,Psettodes erumei,464029876.4
1977,Rhopilema spp,1355,Rhopilema spp,464029876.4
1977,Sardinella lemuru,24907,Sardinella lemuru,464029876.4
1977,Scomberomorus lineolatus,123,Scomberomorus lineolatus,464029876.4
1977,Scombridae,9187,Scombridae,464029876.4
1977,Seriola spp,68,Seriola spp,464029876.4
1977,Sparidae,234,Sparidae,464029876.4
1977,Sphyraena spp,2694,Sphyraena spp,464029876.4
1977,Sphyrnidae,18,Sphyrnidae,464029876.4
1977,Synodontidae,9917,Synodontidae,464029876.4
1977,Thunnus maccoyii,28004,Thunnus maccoyii,464029876.4
1977,Upeneus spp,7461,Upeneus spp,464029876.4
1978,Anguilla australis,14,Anguilla australis,782901785.1
1978,Balistidae,260,Balistidae,782901785.1
1978,Bivalvia,483,Bivalvia,782901785.1
1978,Brachyura,3749,Brachyura,782901785.1
1978,Caesionidae,1122,Caesionidae,782901785.1
1978,Drepane punctata,60,Drepane punctata,782901785.1
1978,Exocoetidae,1232,Exocoetidae,782901785.1
1978,Gymnosarda unicolor,78,Gymnosarda unicolor,782901785.1
1978,Haemulidae (=Pomadasyidae),740,Haemulidae (=Pomadasyidae),782901785.1
1978,Invertebrata,47,Invertebrata,782901785.1
1978,Penaeus semisulcatus,2120,Penaeus semisulcatus,782901785.1
1978,Phaeophyceae,16486,Phaeophyceae,782901785.1
1978,Plotosus spp,623,Plotosus spp,782901785.1
1978,Pomatomus saltatrix,29,Pomatomus saltatrix,782901785.1
1978,Psettodes erumei,2221,Psettodes erumei,782901785.1
1978,Rhopilema spp,2892,Rhopilema spp,782901785.1
1978,Sardinella lemuru,19367,Sardinella lemuru,782901785.1
1978,Scomberomorus lineolatus,118,Scomberomorus lineolatus,782901785.1
1978,Scombridae,7886,Scombridae,782901785.1
1978,Seriola spp,41,Seriola spp,782901785.1
1978,Sparidae,218,Sparidae,782901785.1
1978,Sphyraena spp,4538,Sphyraena spp,782901785.1
1978,Sphyrnidae,19,Sphyrnidae,782901785.1
1978,Synodontidae,8749,Synodontidae,782901785.1
1978,Thunnus maccoyii,16109,Thunnus maccoyii,782901785.1
1978,Upeneus spp,6567,Upeneus spp,782901785.1
1979,Anguilla australis,130,Anguilla australis,715485809.9
1979,Balistidae,276,Balistidae,715485809.9
1979,Bivalvia,1185,Bivalvia,715485809.9
1979,Brachyura,2830,Brachyura,715485809.9
1979,Caesionidae,2139,Caesionidae,715485809.9
1979,Drepane punctata,79,Drepane punctata,715485809.9
1979,Exocoetidae,1792,Exocoetidae,715485809.9
1979,Gymnosarda unicolor,75,Gymnosarda unicolor,715485809.9
1979,Haemulidae (=Pomadasyidae),1446,Haemulidae (=Pomadasyidae),715485809.9
1979,Invertebrata,69,Invertebrata,715485809.9
1979,Penaeus semisulcatus,3036,Penaeus semisulcatus,715485809.9
1979,Phaeophyceae,18337,Phaeophyceae,715485809.9
1979,Plotosus spp,544,Plotosus spp,715485809.9
1979,Pomatomus saltatrix,80,Pomatomus saltatrix,715485809.9
1979,Psettodes erumei,3019,Psettodes erumei,715485809.9
1979,Rhopilema spp,3700,Rhopilema spp,715485809.9
1979,Sardinella lemuru,17648,Sardinella lemuru,715485809.9
1979,Scomberomorus lineolatus,149,Scomberomorus lineolatus,715485809.9
1979,Scombridae,13400,Scombridae,715485809.9
1979,Seriola spp,57,Seriola spp,715485809.9
1979,Sparidae,467,Sparidae,715485809.9
1979,Sphyraena spp,4625,Sphyraena spp,715485809.9
1979,Sphyrnidae,16,Sphyrnidae,715485809.9
1979,Synodontidae,6288,Synodontidae,715485809.9
1979,Thunnus maccoyii,14143,Thunnus maccoyii,715485809.9
1979,Upeneus spp,5840,Upeneus spp,715485809.9
1980,Anguilla australis,173,Anguilla australis,625491541.3
1980,Balistidae,304,Balistidae,625491541.3
1980,Bivalvia,2075,Bivalvia,625491541.3
1980,Brachyura,2826,Brachyura,625491541.3
1980,Caesionidae,1697,Caesionidae,625491541.3
1980,Drepane punctata,34,Drepane punctata,625491541.3
1980,Exocoetidae,1794,Exocoetidae,625491541.3
1980,Gymnosarda unicolor,84,Gymnosarda unicolor,625491541.3
1980,Haemulidae (=Pomadasyidae),1190,Haemulidae (=Pomadasyidae),625491541.3
1980,Invertebrata,113,Invertebrata,625491541.3
1980,Penaeus semisulcatus,655,Penaeus semisulcatus,625491541.3
1980,Phaeophyceae,14872,Phaeophyceae,625491541.3
1980,Plotosus spp,662,Plotosus spp,625491541.3
1980,Pomatomus saltatrix,93,Pomatomus saltatrix,625491541.3
1980,Psettodes erumei,1304,Psettodes erumei,625491541.3
1980,Rhopilema spp,362,Rhopilema spp,625491541.3
1980,Sardinella lemuru,17255,Sardinella lemuru,625491541.3
1980,Scomberomorus lineolatus,157,Scomberomorus lineolatus,625491541.3
1980,Scombridae,13898,Scombridae,625491541.3
1980,Seriola spp,40,Seriola spp,625491541.3
1980,Sparidae,344,Sparidae,625491541.3
1980,Sphyraena spp,4236,Sphyraena spp,625491541.3
1980,Sphyrnidae,18,Sphyrnidae,625491541.3
1980,Synodontidae,3852,Synodontidae,625491541.3
1980,Thunnus maccoyii,20306,Thunnus maccoyii,625491541.3
1980,Upeneus spp,6949,Upeneus spp,625491541.3
1981,Anguilla australis,156,Anguilla australis,641937632.2
1981,Balistidae,196,Balistidae,641937632.2
1981,Bivalvia,2092,Bivalvia,641937632.2
1981,Brachyura,2903,Brachyura,641937632.2
1981,Caesionidae,1180,Caesionidae,641937632.2
1981,Drepane punctata,10,Drepane punctata,641937632.2
1981,Exocoetidae,1434,Exocoetidae,641937632.2
1981,Gymnosarda unicolor,94,Gymnosarda unicolor,641937632.2
1981,Haemulidae (=Pomadasyidae),826,Haemulidae (=Pomadasyidae),641937632.2
1981,Invertebrata,98,Invertebrata,641937632.2
1981,Penaeus semisulcatus,698,Penaeus semisulcatus,641937632.2
1981,Phaeophyceae,15564,Phaeophyceae,641937632.2
1981,Plotosus spp,817,Plotosus spp,641937632.2
1981,Pomatomus saltatrix,103,Pomatomus saltatrix,641937632.2
1981,Psettodes erumei,1259,Psettodes erumei,641937632.2
1981,Rhopilema spp,20807,Rhopilema spp,641937632.2
1981,Sardinella lemuru,13341,Sardinella lemuru,641937632.2
1981,Scomberomorus lineolatus,161,Scomberomorus lineolatus,641937632.2
1981,Scombridae,12924,Scombridae,641937632.2
1981,Seriola spp,61,Seriola spp,641937632.2
1981,Sparidae,897,Sparidae,641937632.2
1981,Sphyraena spp,4754,Sphyraena spp,641937632.2
1981,Sphyrnidae,20,Sphyrnidae,641937632.2
1981,Synodontidae,4925,Synodontidae,641937632.2
1981,Thunnus maccoyii,20166,Thunnus maccoyii,641937632.2
1981,Upeneus spp,3989,Upeneus spp,641937632.2
1982,Anguilla australis,131,Anguilla australis,636447922.5
1982,Balistidae,180,Balistidae,636447922.5
1982,Bivalvia,7902,Bivalvia,636447922.5
1982,Brachyura,4521,Brachyura,636447922.5
1982,Caesionidae,994,Caesionidae,636447922.5
1982,Drepane punctata,19,Drepane punctata,636447922.5
1982,Exocoetidae,2799,Exocoetidae,636447922.5
1982,Gymnosarda unicolor,125,Gymnosarda unicolor,636447922.5
1982,Haemulidae (=Pomadasyidae),859,Haemulidae (=Pomadasyidae),636447922.5
1982,Invertebrata,163,Invertebrata,636447922.5
1982,Penaeus semisulcatus,447,Penaeus semisulcatus,636447922.5
1982,Phaeophyceae,11160,Phaeophyceae,636447922.5
1982,Plotosus spp,1468,Plotosus spp,636447922.5
1982,Pomatomus saltatrix,97,Pomatomus saltatrix,636447922.5
1982,Psettodes erumei,767,Psettodes erumei,636447922.5
1982,Rhopilema spp,79438,Rhopilema spp,636447922.5
1982,Sardinella lemuru,24010,Sardinella lemuru,636447922.5
1982,Scomberomorus lineolatus,101,Scomberomorus lineolatus,636447922.5
1982,Scombridae,11330,Scombridae,636447922.5
1982,Seriola spp,78,Seriola spp,636447922.5
1982,Sparidae,392,Sparidae,636447922.5
1982,Sphyraena spp,4973,Sphyraena spp,636447922.5
1982,Sphyrnidae,27,Sphyrnidae,636447922.5
1982,Synodontidae,5498,Synodontidae,636447922.5
1982,Thunnus maccoyii,25237,Thunnus maccoyii,636447922.5
1982,Upeneus spp,5132,Upeneus spp,636447922.5
1983,Anguilla australis,147,Anguilla australis,784999157.7
1983,Balistidae,556,Balistidae,784999157.7
1983,Bivalvia,6345,Bivalvia,784999157.7
1983,Brachyura,4483,Brachyura,784999157.7
1983,Caesionidae,2165,Caesionidae,784999157.7
1983,Drepane punctata,70,Drepane punctata,784999157.7
1983,Exocoetidae,3215,Exocoetidae,784999157.7
1983,Gymnosarda unicolor,123,Gymnosarda unicolor,784999157.7
1983,Haemulidae (=Pomadasyidae),1064,Haemulidae (=Pomadasyidae),784999157.7
1983,Invertebrata,24,Invertebrata,784999157.7
1983,Penaeus semisulcatus,798,Penaeus semisulcatus,784999157.7
1983,Phaeophyceae,10694,Phaeophyceae,784999157.7
1983,Plotosus spp,1596,Plotosus spp,784999157.7
1983,Pomatomus saltatrix,74,Pomatomus saltatrix,784999157.7
1983,Psettodes erumei,866,Psettodes erumei,784999157.7
1983,Rhopilema spp,39134,Rhopilema spp,784999157.7
1983,Sardinella lemuru,47249,Sardinella lemuru,784999157.7
1983,Scomberomorus lineolatus,135,Scomberomorus lineolatus,784999157.7
1983,Scombridae,15544,Scombridae,784999157.7
1983,Seriola spp,79,Seriola spp,784999157.7
1983,Sparidae,385,Sparidae,784999157.7
1983,Sphyraena spp,5217,Sphyraena spp,784999157.7
1983,Sphyrnidae,26,Sphyrnidae,784999157.7
1983,Synodontidae,4933,Synodontidae,784999157.7
1983,Thunnus maccoyii,25437,Thunnus maccoyii,784999157.7
1983,Upeneus spp,5720,Upeneus spp,784999157.7
1984,Anguilla australis,243,Anguilla australis,714772667.4
1984,Balistidae,656,Balistidae,714772667.4
1984,Bivalvia,5303,Bivalvia,714772667.4
1984,Brachyura,4536,Brachyura,714772667.4
1984,Caesionidae,1739,Caesionidae,714772667.4
1984,Drepane punctata,147,Drepane punctata,714772667.4
1984,Exocoetidae,1548,Exocoetidae,714772667.4
1984,Gymnosarda unicolor,127,Gymnosarda unicolor,714772667.4
1984,Haemulidae (=Pomadasyidae),869,Haemulidae (=Pomadasyidae),714772667.4
1984,Invertebrata,47,Invertebrata,714772667.4
1984,Penaeus semisulcatus,747,Penaeus semisulcatus,714772667.4
1984,Phaeophyceae,17948,Phaeophyceae,714772667.4
1984,Plotosus spp,1004,Plotosus spp,714772667.4
1984,Pomatomus saltatrix,49,Pomatomus saltatrix,714772667.4
1984,Psettodes erumei,1235,Psettodes erumei,714772667.4
1984,Rhopilema spp,5419,Rhopilema spp,714772667.4
1984,Sardinella lemuru,41340,Sardinella lemuru,714772667.4
1984,Scomberomorus lineolatus,98,Scomberomorus lineolatus,714772667.4
1984,Scombridae,13137,Scombridae,714772667.4
1984,Seriola spp,74,Seriola spp,714772667.4
1984,Sparidae,558,Sparidae,714772667.4
1984,Sphyraena spp,5696,Sphyraena spp,714772667.4
1984,Sphyrnidae,27,Sphyrnidae,714772667.4
1984,Synodontidae,4781,Synodontidae,714772667.4
1984,Thunnus maccoyii,25095,Thunnus maccoyii,714772667.4
1984,Upeneus spp,4320,Upeneus spp,714772667.4
1985,Anguilla australis,183,Anguilla australis,828440130.7
1985,Balistidae,445,Balistidae,828440130.7
1985,Bivalvia,3403,Bivalvia,828440130.7
1985,Brachyura,4265,Brachyura,828440130.7
1985,Caesionidae,2397,Caesionidae,828440130.7
1985,Drepane punctata,69,Drepane punctata,828440130.7
1985,Exocoetidae,2416,Exocoetidae,828440130.7
1985,Gymnosarda unicolor,132,Gymnosarda unicolor,828440130.7
1985,Haemulidae (=Pomadasyidae),1196,Haemulidae (=Pomadasyidae),828440130.7
1985,Invertebrata,34,Invertebrata,828440130.7
1985,Penaeus semisulcatus,626,Penaeus semisulcatus,828440130.7
1985,Phaeophyceae,13627,Phaeophyceae,828440130.7
1985,Plotosus spp,1104,Plotosus spp,828440130.7
1985,Pomatomus saltatrix,52,Pomatomus saltatrix,828440130.7
1985,Psettodes erumei,1612,Psettodes erumei,828440130.7
1985,Rhopilema spp,25152,Rhopilema spp,828440130.7
1985,Sardinella lemuru,20605,Sardinella lemuru,828440130.7
1985,Scomberomorus lineolatus,48,Scomberomorus lineolatus,828440130.7
1985,Scombridae,13384,Scombridae,828440130.7
1985,Seriola spp,78,Seriola spp,828440130.7
1985,Sparidae,597,Sparidae,828440130.7
1985,Sphyraena spp,5552,Sphyraena spp,828440130.7
1985,Sphyrnidae,220,Sphyrnidae,828440130.7
1985,Synodontidae,5320,Synodontidae,828440130.7
1985,Thunnus maccoyii,23146,Thunnus maccoyii,828440130.7
1985,Upeneus spp,5910,Upeneus spp,828440130.7
1986,Anguilla australis,200,Anguilla australis,1163699055
1986,Balistidae,357,Balistidae,1163699055
1986,Bivalvia,1124,Bivalvia,1163699055
1986,Brachyura,5106,Brachyura,1163699055
1986,Caesionidae,2531,Caesionidae,1163699055
1986,Drepane punctata,437,Drepane punctata,1163699055
1986,Exocoetidae,2033,Exocoetidae,1163699055
1986,Gymnosarda unicolor,151,Gymnosarda unicolor,1163699055
1986,Haemulidae (=Pomadasyidae),2161,Haemulidae (=Pomadasyidae),1163699055
1986,Invertebrata,12,Invertebrata,1163699055
1986,Penaeus semisulcatus,751,Penaeus semisulcatus,1163699055
1986,Phaeophyceae,12862,Phaeophyceae,1163699055
1986,Plotosus spp,2218,Plotosus spp,1163699055
1986,Pomatomus saltatrix,73,Pomatomus saltatrix,1163699055
1986,Psettodes erumei,1788,Psettodes erumei,1163699055
1986,Rhopilema spp,64372,Rhopilema spp,1163699055
1986,Sardinella lemuru,10708,Sardinella lemuru,1163699055
1986,Scomberomorus lineolatus,88,Scomberomorus lineolatus,1163699055
1986,Scombridae,13541,Scombridae,1163699055
1986,Seriola spp,110,Seriola spp,1163699055
1986,Sparidae,1070,Sparidae,1163699055
1986,Sphyraena spp,5774,Sphyraena spp,1163699055
1986,Sphyrnidae,228,Sphyrnidae,1163699055
1986,Synodontidae,5729,Synodontidae,1163699055
1986,Thunnus maccoyii,19389,Thunnus maccoyii,1163699055
1986,Upeneus spp,9324,Upeneus spp,1163699055
1987,Anguilla australis,200,Anguilla australis,689733500.1
1987,Balistidae,747,Balistidae,689733500.1
1987,Bivalvia,20467,Bivalvia,689733500.1
1987,Brachyura,3156,Brachyura,689733500.1
1987,Caesionidae,3631,Caesionidae,689733500.1
1987,Drepane punctata,303,Drepane punctata,689733500.1
1987,Exocoetidae,1559,Exocoetidae,689733500.1
1987,Gymnosarda unicolor,153,Gymnosarda unicolor,689733500.1
1987,Haemulidae (=Pomadasyidae),2283,Haemulidae (=Pomadasyidae),689733500.1
1987,Invertebrata,35,Invertebrata,689733500.1
1987,Penaeus semisulcatus,640,Penaeus semisulcatus,689733500.1
1987,Phaeophyceae,16248,Phaeophyceae,689733500.1
1987,Plotosus spp,819,Plotosus spp,689733500.1
1987,Pomatomus saltatrix,93,Pomatomus saltatrix,689733500.1
1987,Psettodes erumei,1624,Psettodes erumei,689733500.1
1987,Rhopilema spp,35027,Rhopilema spp,689733500.1
1987,Sardinella lemuru,20490,Sardinella lemuru,689733500.1
1987,Scomberomorus lineolatus,62,Scomberomorus lineolatus,689733500.1
1987,Scombridae,13691,Scombridae,689733500.1
1987,Seriola spp,140,Seriola spp,689733500.1
1987,Sparidae,1264,Sparidae,689733500.1
1987,Sphyraena spp,5753,Sphyraena spp,689733500.1
1987,Sphyrnidae,232,Sphyrnidae,689733500.1
1987,Synodontidae,7053,Synodontidae,689733500.1
1987,Thunnus maccoyii,16768,Thunnus maccoyii,689733500.1
1987,Upeneus spp,10303,Upeneus spp,689733500.1
1988,Anguilla australis,200,Anguilla australis,1183226131
1988,Balistidae,1511,Balistidae,1183226131
1988,Bivalvia,1529,Bivalvia,1183226131
1988,Brachyura,3103,Brachyura,1183226131
1988,Caesionidae,3412,Caesionidae,1183226131
1988,Drepane punctata,269,Drepane punctata,1183226131
1988,Exocoetidae,2859,Exocoetidae,1183226131
1988,Gymnosarda unicolor,187,Gymnosarda unicolor,1183226131
1988,Haemulidae (=Pomadasyidae),2525,Haemulidae (=Pomadasyidae),1183226131
1988,Invertebrata,104,Invertebrata,1183226131
1988,Penaeus semisulcatus,737,Penaeus semisulcatus,1183226131
1988,Phaeophyceae,17955,Phaeophyceae,1183226131
1988,Plotosus spp,582,Plotosus spp,1183226131
1988,Pomatomus saltatrix,98,Pomatomus saltatrix,1183226131
1988,Psettodes erumei,1953,Psettodes erumei,1183226131
1988,Rhopilema spp,9560,Rhopilema spp,1183226131
1988,Sardinella lemuru,33922,Sardinella lemuru,1183226131
1988,Scomberomorus lineolatus,216,Scomberomorus lineolatus,1183226131
1988,Scombridae,13725,Scombridae,1183226131
1988,Seriola spp,147,Seriola spp,1183226131
1988,Sparidae,1109,Sparidae,1183226131
1988,Sphyraena spp,6359,Sphyraena spp,1183226131
1988,Sphyrnidae,286,Sphyrnidae,1183226131
1988,Synodontidae,4895,Synodontidae,1183226131
1988,Thunnus maccoyii,15152,Thunnus maccoyii,1183226131
1988,Upeneus spp,3985,Upeneus spp,1183226131
1989,Anguilla australis,200,Anguilla australis,919119953.9
1989,Balistidae,793,Balistidae,919119953.9
1989,Bivalvia,782,Bivalvia,919119953.9
1989,Brachyura,4182,Brachyura,919119953.9
1989,Caesionidae,4531,Caesionidae,919119953.9
1989,Drepane punctata,94,Drepane punctata,919119953.9
1989,Exocoetidae,4925,Exocoetidae,919119953.9
1989,Gymnosarda unicolor,204,Gymnosarda unicolor,919119953.9
1989,Haemulidae (=Pomadasyidae),2572,Haemulidae (=Pomadasyidae),919119953.9
1989,Invertebrata,127,Invertebrata,919119953.9
1989,Penaeus semisulcatus,740,Penaeus semisulcatus,919119953.9
1989,Phaeophyceae,25360,Phaeophyceae,919119953.9
1989,Plotosus spp,826,Plotosus spp,919119953.9
1989,Pomatomus saltatrix,82,Pomatomus saltatrix,919119953.9
1989,Psettodes erumei,2184,Psettodes erumei,919119953.9
1989,Rhopilema spp,31641,Rhopilema spp,919119953.9
1989,Sardinella lemuru,34496,Sardinella lemuru,919119953.9
1989,Scomberomorus lineolatus,61,Scomberomorus lineolatus,919119953.9
1989,Scombridae,13606,Scombridae,919119953.9
1989,Seriola spp,123,Seriola spp,919119953.9
1989,Sparidae,1886,Sparidae,919119953.9
1989,Sphyraena spp,6579,Sphyraena spp,919119953.9
1989,Sphyrnidae,315,Sphyrnidae,919119953.9
1989,Synodontidae,7458,Synodontidae,919119953.9
1989,Thunnus maccoyii,11890,Thunnus maccoyii,919119953.9
1989,Upeneus spp,12930,Upeneus spp,919119953.9
1990,Anguilla australis,254,Anguilla australis,888623717.8
1990,Balistidae,1433,Balistidae,888623717.8
1990,Bivalvia,4475,Bivalvia,888623717.8
1990,Brachyura,4553,Brachyura,888623717.8
1990,Caesionidae,3426,Caesionidae,888623717.8
1990,Drepane punctata,92,Drepane punctata,888623717.8
1990,Exocoetidae,4386,Exocoetidae,888623717.8
1990,Gymnosarda unicolor,160,Gymnosarda unicolor,888623717.8
1990,Haemulidae (=Pomadasyidae),3040,Haemulidae (=Pomadasyidae),888623717.8
1990,Invertebrata,132,Invertebrata,888623717.8
1990,Penaeus semisulcatus,467,Penaeus semisulcatus,888623717.8
1990,Phaeophyceae,22887,Phaeophyceae,888623717.8
1990,Plotosus spp,1294,Plotosus spp,888623717.8
1990,Pomatomus saltatrix,104,Pomatomus saltatrix,888623717.8
1990,Psettodes erumei,2116,Psettodes erumei,888623717.8
1990,Rhopilema spp,6932,Rhopilema spp,888623717.8
1990,Sardinella lemuru,43921,Sardinella lemuru,888623717.8
1990,Scomberomorus lineolatus,43,Scomberomorus lineolatus,888623717.8
1990,Scombridae,11271,Scombridae,888623717.8
1990,Seriola spp,157,Seriola spp,888623717.8
1990,Sparidae,1307,Sparidae,888623717.8
1990,Sphyraena spp,8915,Sphyraena spp,888623717.8
1990,Sphyrnidae,321,Sphyrnidae,888623717.8
1990,Synodontidae,9154,Synodontidae,888623717.8
1990,Thunnus maccoyii,9154,Thunnus maccoyii,888623717.8
1990,Upeneus spp,16756,Upeneus spp,888623717.8
1991,Anguilla australis,300,Anguilla australis,1301956269
1991,Balistidae,1916,Balistidae,1301956269
1991,Bivalvia,1161,Bivalvia,1301956269
1991,Brachyura,6593,Brachyura,1301956269
1991,Caesionidae,3287,Caesionidae,1301956269
1991,Drepane punctata,158,Drepane punctata,1301956269
1991,Exocoetidae,3824,Exocoetidae,1301956269
1991,Gymnosarda unicolor,187,Gymnosarda unicolor,1301956269
1991,Haemulidae (=Pomadasyidae),2746,Haemulidae (=Pomadasyidae),1301956269
1991,Invertebrata,135,Invertebrata,1301956269
1991,Penaeus semisulcatus,665,Penaeus semisulcatus,1301956269
1991,Phaeophyceae,17502,Phaeophyceae,1301956269
1991,Plotosus spp,707,Plotosus spp,1301956269
1991,Pomatomus saltatrix,100,Pomatomus saltatrix,1301956269
1991,Psettodes erumei,2234,Psettodes erumei,1301956269
1991,Rhopilema spp,3197,Rhopilema spp,1301956269
1991,Sardinella lemuru,60040,Sardinella lemuru,1301956269
1991,Scomberomorus lineolatus,54,Scomberomorus lineolatus,1301956269
1991,Scombridae,12700,Scombridae,1301956269
1991,Seriola spp,150,Seriola spp,1301956269
1991,Sparidae,1139,Sparidae,1301956269
1991,Sphyraena spp,10952,Sphyraena spp,1301956269
1991,Sphyrnidae,389,Sphyrnidae,1301956269
1991,Synodontidae,10334,Synodontidae,1301956269
1991,Thunnus maccoyii,6523,Thunnus maccoyii,1301956269
1991,Upeneus spp,17308,Upeneus spp,1301956269
1992,Anguilla australis,252,Anguilla australis,919856339.8
1992,Balistidae,1164,Balistidae,919856339.8
1992,Bivalvia,7730,Bivalvia,919856339.8
1992,Brachyura,9903,Brachyura,919856339.8
1992,Caesionidae,3976,Caesionidae,919856339.8
1992,Drepane punctata,87,Drepane punctata,919856339.8
1992,Exocoetidae,3517,Exocoetidae,919856339.8
1992,Gymnosarda unicolor,171,Gymnosarda unicolor,919856339.8
1992,Haemulidae (=Pomadasyidae),2943,Haemulidae (=Pomadasyidae),919856339.8
1992,Invertebrata,196,Invertebrata,919856339.8
1992,Penaeus semisulcatus,441,Penaeus semisulcatus,919856339.8
1992,Phaeophyceae,16108,Phaeophyceae,919856339.8
1992,Plotosus spp,700,Plotosus spp,919856339.8
1992,Pomatomus saltatrix,48,Pomatomus saltatrix,919856339.8
1992,Psettodes erumei,2354,Psettodes erumei,919856339.8
1992,Rhopilema spp,4591,Rhopilema spp,919856339.8
1992,Sardinella lemuru,52260,Sardinella lemuru,919856339.8
1992,Scomberomorus lineolatus,389,Scomberomorus lineolatus,919856339.8
1992,Scombridae,14001,Scombridae,919856339.8
1992,Seriola spp,5,Seriola spp,919856339.8
1992,Sparidae,260,Sparidae,919856339.8
1992,Sphyraena spp,11060,Sphyraena spp,919856339.8
1992,Sphyrnidae,408,Sphyrnidae,919856339.8
1992,Synodontidae,12557,Synodontidae,919856339.8
1992,Thunnus maccoyii,4153,Thunnus maccoyii,919856339.8
1992,Upeneus spp,15239,Upeneus spp,919856339.8
1993,Anguilla australis,349,Anguilla australis,1069574651
1993,Balistidae,1571,Balistidae,1069574651
1993,Bivalvia,18424,Bivalvia,1069574651
1993,Brachyura,18663,Brachyura,1069574651
1993,Caesionidae,4799,Caesionidae,1069574651
1993,Drepane punctata,67,Drepane punctata,1069574651
1993,Exocoetidae,4457,Exocoetidae,1069574651
1993,Gymnosarda unicolor,254,Gymnosarda unicolor,1069574651
1993,Haemulidae (=Pomadasyidae),2975,Haemulidae (=Pomadasyidae),1069574651
1993,Invertebrata,167,Invertebrata,1069574651
1993,Penaeus semisulcatus,673,Penaeus semisulcatus,1069574651
1993,Phaeophyceae,18275,Phaeophyceae,1069574651
1993,Plotosus spp,916,Plotosus spp,1069574651
1993,Pomatomus saltatrix,45,Pomatomus saltatrix,1069574651
1993,Psettodes erumei,3733,Psettodes erumei,1069574651
1993,Rhopilema spp,8454,Rhopilema spp,1069574651
1993,Sardinella lemuru,69357,Sardinella lemuru,1069574651
1993,Scomberomorus lineolatus,62,Scomberomorus lineolatus,1069574651
1993,Scombridae,11254,Scombridae,1069574651
1993,Seriola spp,7,Seriola spp,1069574651
1993,Sparidae,320,Sparidae,1069574651
1993,Sphyraena spp,9894,Sphyraena spp,1069574651
1993,Sphyrnidae,610,Sphyrnidae,1069574651
1993,Synodontidae,17891,Synodontidae,1069574651
1993,Thunnus maccoyii,3844,Thunnus maccoyii,1069574651
1993,Upeneus spp,18657,Upeneus spp,1069574651
1994,Anguilla australis,365,Anguilla australis,1154159587
1994,Balistidae,498,Balistidae,1154159587
1994,Bivalvia,8670,Bivalvia,1154159587
1994,Brachyura,17474,Brachyura,1154159587
1994,Caesionidae,4998,Caesionidae,1154159587
1994,Drepane punctata,33,Drepane punctata,1154159587
1994,Exocoetidae,5189,Exocoetidae,1154159587
1994,Gymnosarda unicolor,278,Gymnosarda unicolor,1154159587
1994,Haemulidae (=Pomadasyidae),2816,Haemulidae (=Pomadasyidae),1154159587
1994,Invertebrata,139,Invertebrata,1154159587
1994,Penaeus semisulcatus,760,Penaeus semisulcatus,1154159587
1994,Phaeophyceae,17519,Phaeophyceae,1154159587
1994,Plotosus spp,911,Plotosus spp,1154159587
1994,Pomatomus saltatrix,49,Pomatomus saltatrix,1154159587
1994,Psettodes erumei,6570,Psettodes erumei,1154159587
1994,Rhopilema spp,9558,Rhopilema spp,1154159587
1994,Sardinella lemuru,63006,Sardinella lemuru,1154159587
1994,Scomberomorus lineolatus,48,Scomberomorus lineolatus,1154159587
1994,Scombridae,16912,Scombridae,1154159587
1994,Seriola spp,102,Seriola spp,1154159587
1994,Sparidae,643,Sparidae,1154159587
1994,Sphyraena spp,11062,Sphyraena spp,1154159587
1994,Sphyrnidae,780,Sphyrnidae,1154159587
1994,Synodontidae,21126,Synodontidae,1154159587
1994,Thunnus maccoyii,4927,Thunnus maccoyii,1154159587
1994,Upeneus spp,18379,Upeneus spp,1154159587
1995,Anguilla australis,259,Anguilla australis,1177612945
1995,Balistidae,540,Balistidae,1177612945
1995,Bivalvia,15250,Bivalvia,1177612945
1995,Brachyura,9869,Brachyura,1177612945
1995,Caesionidae,5390,Caesionidae,1177612945
1995,Drepane punctata,17,Drepane punctata,1177612945
1995,Exocoetidae,5255,Exocoetidae,1177612945
1995,Gymnosarda unicolor,284,Gymnosarda unicolor,1177612945
1995,Haemulidae (=Pomadasyidae),3755,Haemulidae (=Pomadasyidae),1177612945
1995,Invertebrata,211,Invertebrata,1177612945
1995,Penaeus semisulcatus,1909,Penaeus semisulcatus,1177612945
1995,Phaeophyceae,22316,Phaeophyceae,1177612945
1995,Plotosus spp,1104,Plotosus spp,1177612945
1995,Pomatomus saltatrix,54,Pomatomus saltatrix,1177612945
1995,Psettodes erumei,6093,Psettodes erumei,1177612945
1995,Rhopilema spp,20386,Rhopilema spp,1177612945
1995,Sardinella lemuru,40361,Sardinella lemuru,1177612945
1995,Scomberomorus lineolatus,65,Scomberomorus lineolatus,1177612945
1995,Scombridae,18113,Scombridae,1177612945
1995,Seriola spp,105,Seriola spp,1177612945
1995,Sparidae,555,Sparidae,1177612945
1995,Sphyraena spp,12834,Sphyraena spp,1177612945
1995,Sphyrnidae,808,Sphyrnidae,1177612945
1995,Synodontidae,20343,Synodontidae,1177612945
1995,Thunnus maccoyii,6525,Thunnus maccoyii,1177612945
1995,Upeneus spp,17546,Upeneus spp,1177612945
1996,Anguilla australis,208,Anguilla australis,1197408727
1996,Balistidae,708,Balistidae,1197408727
1996,Bivalvia,17745,Bivalvia,1197408727
1996,Brachyura,10112,Brachyura,1197408727
1996,Caesionidae,4198,Caesionidae,1197408727
1996,Drepane punctata,51,Drepane punctata,1197408727
1996,Exocoetidae,6458,Exocoetidae,1197408727
1996,Gymnosarda unicolor,327,Gymnosarda unicolor,1197408727
1996,Haemulidae (=Pomadasyidae),4359,Haemulidae (=Pomadasyidae),1197408727
1996,Invertebrata,720,Invertebrata,1197408727
1996,Penaeus semisulcatus,2427,Penaeus semisulcatus,1197408727
1996,Phaeophyceae,18570,Phaeophyceae,1197408727
1996,Plotosus spp,881,Plotosus spp,1197408727
1996,Pomatomus saltatrix,56,Pomatomus saltatrix,1197408727
1996,Psettodes erumei,10863,Psettodes erumei,1197408727
1996,Rhopilema spp,22807,Rhopilema spp,1197408727
1996,Sardinella lemuru,29646,Sardinella lemuru,1197408727
1996,Scomberomorus lineolatus,56,Scomberomorus lineolatus,1197408727
1996,Scombridae,18202,Scombridae,1197408727
1996,Seriola spp,100,Seriola spp,1197408727
1996,Sparidae,278,Sparidae,1197408727
1996,Sphyraena spp,15942,Sphyraena spp,1197408727
1996,Sphyrnidae,843,Sphyrnidae,1197408727
1996,Synodontidae,20840,Synodontidae,1197408727
1996,Thunnus maccoyii,9877,Thunnus maccoyii,1197408727
1996,Upeneus spp,19553,Upeneus spp,1197408727
1997,Anguilla australis,203,Anguilla australis,1452562084
1997,Balistidae,543,Balistidae,1452562084
1997,Bivalvia,24663,Bivalvia,1452562084
1997,Brachyura,11273,Brachyura,1452562084
1997,Caesionidae,14025,Caesionidae,1452562084
1997,Drepane punctata,23,Drepane punctata,1452562084
1997,Exocoetidae,6127,Exocoetidae,1452562084
1997,Gymnosarda unicolor,343,Gymnosarda unicolor,1452562084
1997,Haemulidae (=Pomadasyidae),4974,Haemulidae (=Pomadasyidae),1452562084
1997,Invertebrata,197,Invertebrata,1452562084
1997,Penaeus semisulcatus,2449,Penaeus semisulcatus,1452562084
1997,Phaeophyceae,21152,Phaeophyceae,1452562084
1997,Plotosus spp,712,Plotosus spp,1452562084
1997,Pomatomus saltatrix,1e-04,Pomatomus saltatrix,1452562084
1997,Psettodes erumei,11025,Psettodes erumei,1452562084
1997,Rhopilema spp,29542,Rhopilema spp,1452562084
1997,Sardinella lemuru,71891,Sardinella lemuru,1452562084
1997,Scomberomorus lineolatus,335,Scomberomorus lineolatus,1452562084
1997,Scombridae,20002,Scombridae,1452562084
1997,Seriola spp,10,Seriola spp,1452562084
1997,Sparidae,116,Sparidae,1452562084
1997,Sphyraena spp,15805,Sphyraena spp,1452562084
1997,Sphyrnidae,1059,Sphyrnidae,1452562084
1997,Synodontidae,20412,Synodontidae,1452562084
1997,Thunnus maccoyii,9100,Thunnus maccoyii,1452562084
1997,Upeneus spp,20030,Upeneus spp,1452562084
1998,Anguilla australis,160,Anguilla australis,1656333162
1998,Balistidae,250,Balistidae,1656333162
1998,Bivalvia,5097,Bivalvia,1656333162
1998,Brachyura,12911,Brachyura,1656333162
1998,Caesionidae,14016,Caesionidae,1656333162
1998,Drepane punctata,30,Drepane punctata,1656333162
1998,Exocoetidae,7201,Exocoetidae,1656333162
1998,Gymnosarda unicolor,399,Gymnosarda unicolor,1656333162
1998,Haemulidae (=Pomadasyidae),5207,Haemulidae (=Pomadasyidae),1656333162
1998,Invertebrata,213,Invertebrata,1656333162
1998,Penaeus semisulcatus,2180,Penaeus semisulcatus,1656333162
1998,Phaeophyceae,20811,Phaeophyceae,1656333162
1998,Plotosus spp,742,Plotosus spp,1656333162
1998,Pomatomus saltatrix,1e-04,Pomatomus saltatrix,1656333162
1998,Psettodes erumei,7336,Psettodes erumei,1656333162
1998,Rhopilema spp,6660,Rhopilema spp,1656333162
1998,Sardinella lemuru,91704,Sardinella lemuru,1656333162
1998,Scomberomorus lineolatus,63,Scomberomorus lineolatus,1656333162
1998,Scombridae,20900,Scombridae,1656333162
1998,Seriola spp,10,Seriola spp,1656333162
1998,Sparidae,159,Sparidae,1656333162
1998,Sphyraena spp,16588,Sphyraena spp,1656333162
1998,Sphyrnidae,975,Sphyrnidae,1656333162
1998,Synodontidae,50086,Synodontidae,1656333162
1998,Thunnus maccoyii,9622,Thunnus maccoyii,1656333162
1998,Upeneus spp,21738,Upeneus spp,1656333162
1999,Anguilla australis,129,Anguilla australis,1621378898
1999,Balistidae,248,Balistidae,1621378898
1999,Bivalvia,572,Bivalvia,1621378898
1999,Brachyura,14136,Brachyura,1621378898
1999,Caesionidae,14749,Caesionidae,1621378898
1999,Drepane punctata,58,Drepane punctata,1621378898
1999,Exocoetidae,5669,Exocoetidae,1621378898
1999,Gymnosarda unicolor,417,Gymnosarda unicolor,1621378898
1999,Haemulidae (=Pomadasyidae),5563,Haemulidae (=Pomadasyidae),1621378898
1999,Invertebrata,272,Invertebrata,1621378898
1999,Penaeus semisulcatus,2212,Penaeus semisulcatus,1621378898
1999,Phaeophyceae,20774,Phaeophyceae,1621378898
1999,Plotosus spp,888,Plotosus spp,1621378898
1999,Pomatomus saltatrix,1e-04,Pomatomus saltatrix,1621378898
1999,Psettodes erumei,7227,Psettodes erumei,1621378898
1999,Rhopilema spp,34680,Rhopilema spp,1621378898
1999,Sardinella lemuru,33838,Sardinella lemuru,1621378898
1999,Scomberomorus lineolatus,69,Scomberomorus lineolatus,1621378898
1999,Scombridae,22828,Scombridae,1621378898
1999,Seriola spp,1,Seriola spp,1621378898
1999,Sparidae,991,Sparidae,1621378898
1999,Sphyraena spp,17179,Sphyraena spp,1621378898
1999,Sphyrnidae,1220,Sphyrnidae,1621378898
1999,Synodontidae,21617,Synodontidae,1621378898
1999,Thunnus maccoyii,12258,Thunnus maccoyii,1621378898
1999,Upeneus spp,24098,Upeneus spp,1621378898
2000,Anguilla australis,133,Anguilla australis,2015654476
2000,Balistidae,115,Balistidae,2015654476
2000,Bivalvia,5115,Bivalvia,2015654476
2000,Brachyura,29133,Brachyura,2015654476
2000,Caesionidae,13222,Caesionidae,2015654476
2000,Drepane punctata,53,Drepane punctata,2015654476
2000,Exocoetidae,6263,Exocoetidae,2015654476
2000,Gymnosarda unicolor,728,Gymnosarda unicolor,2015654476
2000,Haemulidae (=Pomadasyidae),5785,Haemulidae (=Pomadasyidae),2015654476
2000,Invertebrata,592,Invertebrata,2015654476
2000,Penaeus semisulcatus,1584,Penaeus semisulcatus,2015654476
2000,Phaeophyceae,13650,Phaeophyceae,2015654476
2000,Plotosus spp,1437,Plotosus spp,2015654476
2000,Pomatomus saltatrix,1e-04,Pomatomus saltatrix,2015654476
2000,Psettodes erumei,6858,Psettodes erumei,2015654476
2000,Rhopilema spp,35993,Rhopilema spp,2015654476
2000,Sardinella lemuru,31220,Sardinella lemuru,2015654476
2000,Scomberomorus lineolatus,42,Scomberomorus lineolatus,2015654476
2000,Scombridae,22642,Scombridae,2015654476
2000,Seriola spp,2,Seriola spp,2015654476
2000,Sparidae,2468,Sparidae,2015654476
2000,Sphyraena spp,14539,Sphyraena spp,2015654476
2000,Sphyrnidae,1139,Sphyrnidae,2015654476
2000,Synodontidae,27723,Synodontidae,2015654476
2000,Thunnus maccoyii,8908,Thunnus maccoyii,2015654476
2000,Upeneus spp,18883,Upeneus spp,2015654476
2001,Anguilla australis,175,Anguilla australis,1924863190
2001,Balistidae,193,Balistidae,1924863190
2001,Bivalvia,2983,Bivalvia,1924863190
2001,Brachyura,27664,Brachyura,1924863190
2001,Caesionidae,6054,Caesionidae,1924863190
2001,Drepane punctata,26,Drepane punctata,1924863190
2001,Exocoetidae,6938,Exocoetidae,1924863190
2001,Gymnosarda unicolor,708,Gymnosarda unicolor,1924863190
2001,Haemulidae (=Pomadasyidae),3921,Haemulidae (=Pomadasyidae),1924863190
2001,Invertebrata,757,Invertebrata,1924863190
2001,Penaeus semisulcatus,1404,Penaeus semisulcatus,1924863190
2001,Phaeophyceae,13547,Phaeophyceae,1924863190
2001,Plotosus spp,1219,Plotosus spp,1924863190
2001,Pomatomus saltatrix,1e-04,Pomatomus saltatrix,1924863190
2001,Psettodes erumei,7409,Psettodes erumei,1924863190
2001,Rhopilema spp,24425,Rhopilema spp,1924863190
2001,Sardinella lemuru,37810,Sardinella lemuru,1924863190
2001,Scomberomorus lineolatus,33,Scomberomorus lineolatus,1924863190
2001,Scombridae,17205,Scombridae,1924863190
2001,Seriola spp,2,Seriola spp,1924863190
2001,Sparidae,1509,Sparidae,1924863190
2001,Sphyraena spp,13473,Sphyraena spp,1924863190
2001,Sphyrnidae,926,Sphyrnidae,1924863190
2001,Synodontidae,18054,Synodontidae,1924863190
2001,Thunnus maccoyii,9291,Thunnus maccoyii,1924863190
2001,Upeneus spp,25098,Upeneus spp,1924863190
2002,Anguilla australis,172,Anguilla australis,1663243260
2002,Balistidae,221,Balistidae,1663243260
2002,Bivalvia,2606,Bivalvia,1663243260
2002,Brachyura,27623,Brachyura,1663243260
2002,Caesionidae,4691,Caesionidae,1663243260
2002,Drepane punctata,59,Drepane punctata,1663243260
2002,Exocoetidae,6753,Exocoetidae,1663243260
2002,Gymnosarda unicolor,615,Gymnosarda unicolor,1663243260
2002,Haemulidae (=Pomadasyidae),3288,Haemulidae (=Pomadasyidae),1663243260
2002,Invertebrata,914,Invertebrata,1663243260
2002,Penaeus semisulcatus,702,Penaeus semisulcatus,1663243260
2002,Phaeophyceae,9916,Phaeophyceae,1663243260
2002,Plotosus spp,1130,Plotosus spp,1663243260
2002,Pomatomus saltatrix,1e-04,Pomatomus saltatrix,1663243260
2002,Psettodes erumei,8119,Psettodes erumei,1663243260
2002,Rhopilema spp,50418,Rhopilema spp,1663243260
2002,Sardinella lemuru,70818,Sardinella lemuru,1663243260
2002,Scomberomorus lineolatus,26,Scomberomorus lineolatus,1663243260
2002,Scombridae,17715,Scombridae,1663243260
2002,Seriola spp,1,Seriola spp,1663243260
2002,Sparidae,1472,Sparidae,1663243260
2002,Sphyraena spp,15250,Sphyraena spp,1663243260
2002,Sphyrnidae,765,Sphyrnidae,1663243260
2002,Synodontidae,19272,Synodontidae,1663243260
2002,Thunnus maccoyii,7948,Thunnus maccoyii,1663243260
2002,Upeneus spp,25548,Upeneus spp,1663243260
2003,Anguilla australis,106,Anguilla australis,2307952178
2003,Balistidae,476,Balistidae,2307952178
2003,Bivalvia,6832,Bivalvia,2307952178
2003,Brachyura,27371,Brachyura,2307952178
2003,Caesionidae,6373,Caesionidae,2307952178
2003,Drepane punctata,125,Drepane punctata,2307952178
2003,Exocoetidae,11847,Exocoetidae,2307952178
2003,Gymnosarda unicolor,631,Gymnosarda unicolor,2307952178
2003,Haemulidae (=Pomadasyidae),3574,Haemulidae (=Pomadasyidae),2307952178
2003,Invertebrata,1976,Invertebrata,2307952178
2003,Penaeus semisulcatus,798,Penaeus semisulcatus,2307952178
2003,Phaeophyceae,8879,Phaeophyceae,2307952178
2003,Plotosus spp,1212,Plotosus spp,2307952178
2003,Pomatomus saltatrix,1e-04,Pomatomus saltatrix,2307952178
2003,Psettodes erumei,9567,Psettodes erumei,2307952178
2003,Rhopilema spp,79720,Rhopilema spp,2307952178
2003,Sardinella lemuru,76088,Sardinella lemuru,2307952178
2003,Scomberomorus lineolatus,29,Scomberomorus lineolatus,2307952178
2003,Scombridae,18604,Scombridae,2307952178
2003,Seriola spp,3,Seriola spp,2307952178
2003,Sparidae,407,Sparidae,2307952178
2003,Sphyraena spp,12451,Sphyraena spp,2307952178
2003,Sphyrnidae,934,Sphyrnidae,2307952178
2003,Synodontidae,18986,Synodontidae,2307952178
2003,Thunnus maccoyii,7799,Thunnus maccoyii,2307952178
2003,Upeneus spp,31541,Upeneus spp,2307952178
2004,Anguilla australis,105,Anguilla australis,2015526559
2004,Balistidae,336,Balistidae,2015526559
2004,Bivalvia,7944,Bivalvia,2015526559
2004,Brachyura,25766,Brachyura,2015526559
2004,Caesionidae,4917,Caesionidae,2015526559
2004,Drepane punctata,143,Drepane punctata,2015526559
2004,Exocoetidae,9826,Exocoetidae,2015526559
2004,Gymnosarda unicolor,743,Gymnosarda unicolor,2015526559
2004,Haemulidae (=Pomadasyidae),3817,Haemulidae (=Pomadasyidae),2015526559
2004,Invertebrata,1040,Invertebrata,2015526559
2004,Penaeus semisulcatus,805,Penaeus semisulcatus,2015526559
2004,Phaeophyceae,12570,Phaeophyceae,2015526559
2004,Plotosus spp,1063,Plotosus spp,2015526559
2004,Pomatomus saltatrix,62,Pomatomus saltatrix,2015526559
2004,Psettodes erumei,7359,Psettodes erumei,2015526559
2004,Rhopilema spp,3161,Rhopilema spp,2015526559
2004,Sardinella lemuru,58430,Sardinella lemuru,2015526559
2004,Scomberomorus lineolatus,30,Scomberomorus lineolatus,2015526559
2004,Scombridae,19049,Scombridae,2015526559
2004,Seriola spp,6,Seriola spp,2015526559
2004,Sparidae,447,Sparidae,2015526559
2004,Sphyraena spp,13875,Sphyraena spp,2015526559
2004,Sphyrnidae,938,Sphyrnidae,2015526559
2004,Synodontidae,25449,Synodontidae,2015526559
2004,Thunnus maccoyii,8503,Thunnus maccoyii,2015526559
2004,Upeneus spp,26356,Upeneus spp,2015526559
2005,Anguilla australis,87,Anguilla australis,2870874083
2005,Balistidae,289,Balistidae,2870874083
2005,Bivalvia,1823,Bivalvia,2870874083
2005,Brachyura,24665,Brachyura,2870874083
2005,Caesionidae,5903,Caesionidae,2870874083
2005,Drepane punctata,146,Drepane punctata,2870874083
2005,Exocoetidae,6356,Exocoetidae,2870874083
2005,Gymnosarda unicolor,958,Gymnosarda unicolor,2870874083
2005,Haemulidae (=Pomadasyidae),3505,Haemulidae (=Pomadasyidae),2870874083
2005,Invertebrata,2903,Invertebrata,2870874083
2005,Penaeus semisulcatus,967,Penaeus semisulcatus,2870874083
2005,Phaeophyceae,14167,Phaeophyceae,2870874083
2005,Plotosus spp,986,Plotosus spp,2870874083
2005,Pomatomus saltatrix,40,Pomatomus saltatrix,2870874083
2005,Psettodes erumei,10383,Psettodes erumei,2870874083
2005,Rhopilema spp,34593,Rhopilema spp,2870874083
2005,Sardinella lemuru,52401,Sardinella lemuru,2870874083
2005,Scomberomorus lineolatus,23,Scomberomorus lineolatus,2870874083
2005,Scombridae,10231,Scombridae,2870874083
2005,Seriola spp,1e-04,Seriola spp,2870874083
2005,Sparidae,540,Sparidae,2870874083
2005,Sphyraena spp,9724,Sphyraena spp,2870874083
2005,Sphyrnidae,1107,Sphyrnidae,2870874083
2005,Synodontidae,17265,Synodontidae,2870874083
2005,Thunnus maccoyii,10069,Thunnus maccoyii,2870874083
2005,Upeneus spp,26013,Upeneus spp,2870874083
2006,Anguilla australis,80,Anguilla australis,1763020889
2006,Balistidae,257,Balistidae,1763020889
2006,Bivalvia,1282,Bivalvia,1763020889
2006,Brachyura,24997,Brachyura,1763020889
2006,Caesionidae,6191,Caesionidae,1763020889
2006,Drepane punctata,155,Drepane punctata,1763020889
2006,Exocoetidae,6347,Exocoetidae,1763020889
2006,Gymnosarda unicolor,862,Gymnosarda unicolor,1763020889
2006,Haemulidae (=Pomadasyidae),3838,Haemulidae (=Pomadasyidae),1763020889
2006,Invertebrata,1884,Invertebrata,1763020889
2006,Penaeus semisulcatus,841,Penaeus semisulcatus,1763020889
2006,Phaeophyceae,15504,Phaeophyceae,1763020889
2006,Plotosus spp,1466,Plotosus spp,1763020889
2006,Pomatomus saltatrix,15,Pomatomus saltatrix,1763020889
2006,Psettodes erumei,11655,Psettodes erumei,1763020889
2006,Rhopilema spp,137235,Rhopilema spp,1763020889
2006,Sardinella lemuru,105420,Sardinella lemuru,1763020889
2006,Scomberomorus lineolatus,25,Scomberomorus lineolatus,1763020889
2006,Scombridae,17391,Scombridae,1763020889
2006,Seriola spp,1e-04,Seriola spp,1763020889
2006,Sparidae,483,Sparidae,1763020889
2006,Sphyraena spp,10282,Sphyraena spp,1763020889
2006,Sphyrnidae,1030,Sphyrnidae,1763020889
2006,Synodontidae,17076,Synodontidae,1763020889
2006,Thunnus maccoyii,9069,Thunnus maccoyii,1763020889
2006,Upeneus spp,27252,Upeneus spp,1763020889
2007,Anguilla australis,70,Anguilla australis,1946719127
2007,Balistidae,258,Balistidae,1946719127
2007,Bivalvia,4312,Bivalvia,1946719127
2007,Brachyura,38481,Brachyura,1946719127
2007,Caesionidae,8246,Caesionidae,1946719127
2007,Drepane punctata,169,Drepane punctata,1946719127
2007,Exocoetidae,9902,Exocoetidae,1946719127
2007,Gymnosarda unicolor,1084,Gymnosarda unicolor,1946719127
2007,Haemulidae (=Pomadasyidae),4663,Haemulidae (=Pomadasyidae),1946719127
2007,Invertebrata,1863,Invertebrata,1946719127
2007,Penaeus semisulcatus,665,Penaeus semisulcatus,1946719127
2007,Phaeophyceae,2223,Phaeophyceae,1946719127
2007,Plotosus spp,1452,Plotosus spp,1946719127
2007,Pomatomus saltatrix,1e-04,Pomatomus saltatrix,1946719127
2007,Psettodes erumei,8906,Psettodes erumei,1946719127
2007,Rhopilema spp,2577,Rhopilema spp,1946719127
2007,Sardinella lemuru,111207,Sardinella lemuru,1946719127
2007,Scomberomorus lineolatus,66,Scomberomorus lineolatus,1946719127
2007,Scombridae,18085,Scombridae,1946719127
2007,Seriola spp,1e-04,Seriola spp,1946719127
2007,Sparidae,192,Sparidae,1946719127
2007,Sphyraena spp,6886,Sphyraena spp,1946719127
2007,Sphyrnidae,1100,Sphyrnidae,1946719127
2007,Synodontidae,19972,Synodontidae,1946719127
2007,Thunnus maccoyii,8241,Thunnus maccoyii,1946719127
2007,Upeneus spp,31180,Upeneus spp,1946719127
2008,Anguilla australis,84,Anguilla australis,2015921178
2008,Balistidae,223,Balistidae,2015921178
2008,Bivalvia,6322,Bivalvia,2015921178
2008,Brachyura,42988,Brachyura,2015921178
2008,Caesionidae,7409,Caesionidae,2015921178
2008,Drepane punctata,173,Drepane punctata,2015921178
2008,Exocoetidae,7631,Exocoetidae,2015921178
2008,Gymnosarda unicolor,1061,Gymnosarda unicolor,2015921178
2008,Haemulidae (=Pomadasyidae),4356,Haemulidae (=Pomadasyidae),2015921178
2008,Invertebrata,998,Invertebrata,2015921178
2008,Penaeus semisulcatus,771,Penaeus semisulcatus,2015921178
2008,Phaeophyceae,1923,Phaeophyceae,2015921178
2008,Plotosus spp,1242,Plotosus spp,2015921178
2008,Pomatomus saltatrix,1e-04,Pomatomus saltatrix,2015921178
2008,Psettodes erumei,8415,Psettodes erumei,2015921178
2008,Rhopilema spp,149551,Rhopilema spp,2015921178
2008,Sardinella lemuru,82417,Sardinella lemuru,2015921178
2008,Scomberomorus lineolatus,27,Scomberomorus lineolatus,2015921178
2008,Scombridae,19500,Scombridae,2015921178
2008,Seriola spp,2,Seriola spp,2015921178
2008,Sparidae,330,Sparidae,2015921178
2008,Sphyraena spp,29612,Sphyraena spp,2015921178
2008,Sphyrnidae,1293,Sphyrnidae,2015921178
2008,Synodontidae,25289,Synodontidae,2015921178
2008,Thunnus maccoyii,7634,Thunnus maccoyii,2015921178
2008,Upeneus spp,51234,Upeneus spp,2015921178
2009,Anguilla australis,57,Anguilla australis,2104875788
2009,Balistidae,332,Balistidae,2104875788
2009,Bivalvia,23019,Bivalvia,2104875788
2009,Brachyura,47182,Brachyura,2104875788
2009,Caesionidae,7262,Caesionidae,2104875788
2009,Drepane punctata,247,Drepane punctata,2104875788
2009,Exocoetidae,9019,Exocoetidae,2104875788
2009,Gymnosarda unicolor,1244,Gymnosarda unicolor,2104875788
2009,Haemulidae (=Pomadasyidae),3849,Haemulidae (=Pomadasyidae),2104875788
2009,Invertebrata,2648,Invertebrata,2104875788
2009,Penaeus semisulcatus,634,Penaeus semisulcatus,2104875788
2009,Phaeophyceae,1923,Phaeophyceae,2104875788
2009,Plotosus spp,1632,Plotosus spp,2104875788
2009,Pomatomus saltatrix,1e-04,Pomatomus saltatrix,2104875788
2009,Psettodes erumei,7224,Psettodes erumei,2104875788
2009,Rhopilema spp,118119,Rhopilema spp,2104875788
2009,Sardinella lemuru,108772,Sardinella lemuru,2104875788
2009,Scomberomorus lineolatus,24,Scomberomorus lineolatus,2104875788
2009,Scombridae,21795,Scombridae,2104875788
2009,Seriola spp,1,Seriola spp,2104875788
2009,Sparidae,151,Sparidae,2104875788
2009,Sphyraena spp,15110,Sphyraena spp,2104875788
2009,Sphyrnidae,1546,Sphyrnidae,2104875788
2009,Synodontidae,26635,Synodontidae,2104875788
2009,Thunnus maccoyii,7994,Thunnus maccoyii,2104875788
2009,Upeneus spp,46818,Upeneus spp,2104875788
2010,Anguilla australis,44,Anguilla australis,1915208537
2010,Balistidae,170,Balistidae,1915208537
2010,Bivalvia,1544,Bivalvia,1915208537
2010,Brachyura,43485,Brachyura,1915208537
2010,Caesionidae,10055,Caesionidae,1915208537
2010,Drepane punctata,257,Drepane punctata,1915208537
2010,Exocoetidae,7210,Exocoetidae,1915208537
2010,Gymnosarda unicolor,1276,Gymnosarda unicolor,1915208537
2010,Haemulidae (=Pomadasyidae),3330,Haemulidae (=Pomadasyidae),1915208537
2010,Invertebrata,1628,Invertebrata,1915208537
2010,Penaeus semisulcatus,907,Penaeus semisulcatus,1915208537
2010,Phaeophyceae,1923,Phaeophyceae,1915208537
2010,Plotosus spp,1639,Plotosus spp,1915208537
2010,Pomatomus saltatrix,1e-04,Pomatomus saltatrix,1915208537
2010,Psettodes erumei,6791,Psettodes erumei,1915208537
2010,Rhopilema spp,34887,Rhopilema spp,1915208537
2010,Sardinella lemuru,71611,Sardinella lemuru,1915208537
2010,Scomberomorus lineolatus,29,Scomberomorus lineolatus,1915208537
2010,Scombridae,26272,Scombridae,1915208537
2010,Seriola spp,1e-04,Seriola spp,1915208537
2010,Sparidae,155,Sparidae,1915208537
2010,Sphyraena spp,17151,Sphyraena spp,1915208537
2010,Sphyrnidae,1658,Sphyrnidae,1915208537
2010,Synodontidae,33384,Synodontidae,1915208537
2010,Thunnus maccoyii,6326,Thunnus maccoyii,1915208537
2010,Upeneus spp,46016,Upeneus spp,1915208537
2011,Anguilla australis,42,Anguilla australis,2041606294
2011,Balistidae,382,Balistidae,2041606294
2011,Bivalvia,1458,Bivalvia,2041606294
2011,Brachyura,28530,Brachyura,2041606294
2011,Caesionidae,20338,Caesionidae,2041606294
2011,Drepane punctata,271,Drepane punctata,2041606294
2011,Exocoetidae,7768,Exocoetidae,2041606294
2011,Gymnosarda unicolor,1324,Gymnosarda unicolor,2041606294
2011,Haemulidae (=Pomadasyidae),4730,Haemulidae (=Pomadasyidae),2041606294
2011,Invertebrata,25066,Invertebrata,2041606294
2011,Penaeus semisulcatus,1158,Penaeus semisulcatus,2041606294
2011,Phaeophyceae,1923,Phaeophyceae,2041606294
2011,Plotosus spp,1895,Plotosus spp,2041606294
2011,Pomatomus saltatrix,1e-04,Pomatomus saltatrix,2041606294
2011,Psettodes erumei,10612,Psettodes erumei,2041606294
2011,Rhopilema spp,126196,Rhopilema spp,2041606294
2011,Sardinella lemuru,32475,Sardinella lemuru,2041606294
2011,Scomberomorus lineolatus,24,Scomberomorus lineolatus,2041606294
2011,Scombridae,31554,Scombridae,2041606294
2011,Seriola spp,1e-04,Seriola spp,2041606294
2011,Sparidae,186,Sparidae,2041606294
2011,Sphyraena spp,18203,Sphyraena spp,2041606294
2011,Sphyrnidae,1704,Sphyrnidae,2041606294
2011,Synodontidae,27867,Synodontidae,2041606294
2011,Thunnus maccoyii,5830,Thunnus maccoyii,2041606294
2011,Upeneus spp,48675,Upeneus spp,2041606294
2012,Anguilla australis,113,Anguilla australis,2284461339
2012,Balistidae,97,Balistidae,2284461339
2012,Bivalvia,2500,Bivalvia,2284461339
2012,Brachyura,38334,Brachyura,2284461339
2012,Caesionidae,13576,Caesionidae,2284461339
2012,Drepane punctata,364,Drepane punctata,2284461339
2012,Exocoetidae,7435,Exocoetidae,2284461339
2012,Gymnosarda unicolor,1308,Gymnosarda unicolor,2284461339
2012,Haemulidae (=Pomadasyidae),4240,Haemulidae (=Pomadasyidae),2284461339
2012,Invertebrata,17080,Invertebrata,2284461339
2012,Penaeus semisulcatus,790,Penaeus semisulcatus,2284461339
2012,Phaeophyceae,1923,Phaeophyceae,2284461339
2012,Plotosus spp,1651,Plotosus spp,2284461339
2012,Pomatomus saltatrix,1e-04,Pomatomus saltatrix,2284461339
2012,Psettodes erumei,11312,Psettodes erumei,2284461339
2012,Rhopilema spp,57650,Rhopilema spp,2284461339
2012,Sardinella lemuru,19663,Sardinella lemuru,2284461339
2012,Scomberomorus lineolatus,20,Scomberomorus lineolatus,2284461339
2012,Scombridae,36832,Scombridae,2284461339
2012,Seriola spp,1e-04,Seriola spp,2284461339
2012,Sparidae,209,Sparidae,2284461339
2012,Sphyraena spp,12464,Sphyraena spp,2284461339
2012,Sphyrnidae,1644,Sphyrnidae,2284461339
2012,Synodontidae,40500,Synodontidae,2284461339
2012,Thunnus maccoyii,6139,Thunnus maccoyii,2284461339
2012,Upeneus spp,52274,Upeneus spp,2284461339
2013,Anguilla australis,86,Anguilla australis,2423260837
2013,Balistidae,83,Balistidae,2423260837
2013,Bivalvia,2130,Bivalvia,2423260837
2013,Brachyura,51600,Brachyura,2423260837
2013,Caesionidae,15300,Caesionidae,2423260837
2013,Drepane punctata,442,Drepane punctata,2423260837
2013,Exocoetidae,10800,Exocoetidae,2423260837
2013,Gymnosarda unicolor,1490,Gymnosarda unicolor,2423260837
2013,Haemulidae (=Pomadasyidae),4220,Haemulidae (=Pomadasyidae),2423260837
2013,Invertebrata,12800,Invertebrata,2423260837
2013,Penaeus semisulcatus,206,Penaeus semisulcatus,2423260837
2013,Phaeophyceae,1920,Phaeophyceae,2423260837
2013,Plotosus spp,1880,Plotosus spp,2423260837
2013,Pomatomus saltatrix,1e-04,Pomatomus saltatrix,2423260837
2013,Psettodes erumei,12400,Psettodes erumei,2423260837
2013,Rhopilema spp,137000,Rhopilema spp,2423260837
2013,Sardinella lemuru,26200,Sardinella lemuru,2423260837
2013,Scomberomorus lineolatus,18,Scomberomorus lineolatus,2423260837
2013,Scombridae,39300,Scombridae,2423260837
2013,Seriola spp,1e-04,Seriola spp,2423260837
2013,Sparidae,187,Sparidae,2423260837
2013,Sphyraena spp,12000,Sphyraena spp,2423260837
2013,Sphyrnidae,1960,Sphyrnidae,2423260837
2013,Synodontidae,46800,Synodontidae,2423260837
2013,Thunnus maccoyii,6990,Thunnus maccoyii,2423260837
2013,Upeneus spp,61900,Upeneus spp,2423260837
2014,Anguilla australis,94,Anguilla australis,2044668922
2014,Balistidae,74,Balistidae,2044668922
2014,Bivalvia,6101,Bivalvia,2044668922
2014,Brachyura,43179,Brachyura,2044668922
2014,Caesionidae,15514,Caesionidae,2044668922
2014,Drepane punctata,400,Drepane punctata,2044668922
2014,Exocoetidae,7351,Exocoetidae,2044668922
2014,Gymnosarda unicolor,1359,Gymnosarda unicolor,2044668922
2014,Haemulidae (=Pomadasyidae),4527,Haemulidae (=Pomadasyidae),2044668922
2014,Invertebrata,20071,Invertebrata,2044668922
2014,Penaeus semisulcatus,247,Penaeus semisulcatus,2044668922
2014,Phaeophyceae,1923,Phaeophyceae,2044668922
2014,Plotosus spp,1820,Plotosus spp,2044668922
2014,Pomatomus saltatrix,1e-04,Pomatomus saltatrix,2044668922
2014,Psettodes erumei,10606,Psettodes erumei,2044668922
2014,Rhopilema spp,78784,Rhopilema spp,2044668922
2014,Sardinella lemuru,39423,Sardinella lemuru,2044668922
2014,Scomberomorus lineolatus,28,Scomberomorus lineolatus,2044668922
2014,Scombridae,35730,Scombridae,2044668922
2014,Seriola spp,1e-04,Seriola spp,2044668922
2014,Sparidae,150,Sparidae,2044668922
2014,Sphyraena spp,18072,Sphyraena spp,2044668922
2014,Sphyrnidae,1582,Sphyrnidae,2044668922
2014,Synodontidae,59209,Synodontidae,2044668922
2014,Thunnus maccoyii,6583,Thunnus maccoyii,2044668922
2014,Upeneus spp,49822,Upeneus spp,2044668922
2015,Anguilla australis,66,Anguilla australis,2430672924
2015,Balistidae,62,Balistidae,2430672924
2015,Bivalvia,3633,Bivalvia,2430672924
2015,Brachyura,43979,Brachyura,2430672924
2015,Caesionidae,16066,Caesionidae,2430672924
2015,Drepane punctata,536,Drepane punctata,2430672924
2015,Exocoetidae,8326,Exocoetidae,2430672924
2015,Gymnosarda unicolor,1334,Gymnosarda unicolor,2430672924
2015,Haemulidae (=Pomadasyidae),2576,Haemulidae (=Pomadasyidae),2430672924
2015,Invertebrata,49834,Invertebrata,2430672924
2015,Penaeus semisulcatus,691,Penaeus semisulcatus,2430672924
2015,Phaeophyceae,1923,Phaeophyceae,2430672924
2015,Plotosus spp,1798,Plotosus spp,2430672924
2015,Pomatomus saltatrix,1e-04,Pomatomus saltatrix,2430672924
2015,Psettodes erumei,7709,Psettodes erumei,2430672924
2015,Rhopilema spp,115593,Rhopilema spp,2430672924
2015,Sardinella lemuru,32658,Sardinella lemuru,2430672924
2015,Scomberomorus lineolatus,16,Scomberomorus lineolatus,2430672924
2015,Scombridae,31262,Scombridae,2430672924
2015,Seriola spp,1e-04,Seriola spp,2430672924
2015,Sparidae,154,Sparidae,2430672924
2015,Sphyraena spp,24593,Sphyraena spp,2430672924
2015,Sphyrnidae,1569,Sphyrnidae,2430672924
2015,Synodontidae,67765,Synodontidae,2430672924
2015,Thunnus maccoyii,7455,Thunnus maccoyii,2430672924
2015,Upeneus spp,51392,Upeneus spp,2430672924
2016,Anguilla australis,55,Anguilla australis,NA
2016,Balistidae,116,Balistidae,NA
2016,Bivalvia,4840,Bivalvia,NA
2016,Brachyura,53722,Brachyura,NA
2016,Caesionidae,14760,Caesionidae,NA
2016,Drepane punctata,509,Drepane punctata,NA
2016,Exocoetidae,6894,Exocoetidae,NA
2016,Gymnosarda unicolor,1266,Gymnosarda unicolor,NA
2016,Haemulidae (=Pomadasyidae),2726,Haemulidae (=Pomadasyidae),NA
2016,Invertebrata,30161,Invertebrata,NA
2016,Penaeus semisulcatus,773,Penaeus semisulcatus,NA
2016,Phaeophyceae,1923,Phaeophyceae,NA
2016,Plotosus spp,1550,Plotosus spp,NA
2016,Pomatomus saltatrix,1,Pomatomus saltatrix,NA
2016,Psettodes erumei,8533,Psettodes erumei,NA
2016,Rhopilema spp,76135,Rhopilema spp,NA
2016,Sardinella lemuru,11544,Sardinella lemuru,NA
2016,Scomberomorus lineolatus,17,Scomberomorus lineolatus,NA
2016,Scombridae,40844,Scombridae,NA
2016,Seriola spp,1e-04,Seriola spp,NA
2016,Sparidae,157,Sparidae,NA
2016,Sphyraena spp,30927,Sphyraena spp,NA
2016,Sphyrnidae,1571,Sphyrnidae,NA
2016,Synodontidae,81150,Synodontidae,NA
2016,Thunnus maccoyii,7320,Thunnus maccoyii,NA
2016,Upeneus spp,48954,Upeneus spp,NA
2017,Anguilla australis,93,Anguilla australis,NA
2017,Balistidae,88,Balistidae,NA
2017,Bivalvia,5520,Bivalvia,NA
2017,Brachyura,52438,Brachyura,NA
2017,Caesionidae,15010,Caesionidae,NA
2017,Drepane punctata,428,Drepane punctata,NA
2017,Exocoetidae,2980,Exocoetidae,NA
2017,Gymnosarda unicolor,1266,Gymnosarda unicolor,NA
2017,Haemulidae (=Pomadasyidae),1193,Haemulidae (=Pomadasyidae),NA
2017,Invertebrata,31038,Invertebrata,NA
2017,Penaeus semisulcatus,1709,Penaeus semisulcatus,NA
2017,Phaeophyceae,1923,Phaeophyceae,NA
2017,Plotosus spp,2035,Plotosus spp,NA
2017,Pomatomus saltatrix,1e-04,Pomatomus saltatrix,NA
2017,Psettodes erumei,6215,Psettodes erumei,NA
2017,Rhopilema spp,69802,Rhopilema spp,NA
2017,Sardinella lemuru,17893,Sardinella lemuru,NA
2017,Scomberomorus lineolatus,31,Scomberomorus lineolatus,NA
2017,Scombridae,113224,Scombridae,NA
2017,Seriola spp,1e-04,Seriola spp,NA
2017,Sparidae,218,Sparidae,NA
2017,Sphyraena spp,27543,Sphyraena spp,NA
2017,Sphyrnidae,1629,Sphyrnidae,NA
2017,Synodontidae,59830,Synodontidae,NA
2017,Thunnus maccoyii,6405,Thunnus maccoyii,NA
2017,Upeneus spp,40119,Upeneus spp,NA
2018,Anguilla australis,1e-04,Anguilla australis,NA
2018,Balistidae,120,Balistidae,NA
2018,Bivalvia,3175,Bivalvia,NA
2018,Brachyura,55724,Brachyura,NA
2018,Caesionidae,15900,Caesionidae,NA
2018,Drepane punctata,606,Drepane punctata,NA
2018,Exocoetidae,2245,Exocoetidae,NA
2018,Gymnosarda unicolor,1028,Gymnosarda unicolor,NA
2018,Haemulidae (=Pomadasyidae),2949,Haemulidae (=Pomadasyidae),NA
2018,Invertebrata,31877,Invertebrata,NA
2018,Penaeus semisulcatus,463,Penaeus semisulcatus,NA
2018,Phaeophyceae,1923,Phaeophyceae,NA
2018,Plotosus spp,2077,Plotosus spp,NA
2018,Pomatomus saltatrix,1e-04,Pomatomus saltatrix,NA
2018,Psettodes erumei,9137,Psettodes erumei,NA
2018,Rhopilema spp,59218,Rhopilema spp,NA
2018,Sardinella lemuru,15039,Sardinella lemuru,NA
2018,Scomberomorus lineolatus,1e-04,Scomberomorus lineolatus,NA
2018,Scombridae,140425,Scombridae,NA
2018,Seriola spp,8,Seriola spp,NA
2018,Sparidae,171,Sparidae,NA
2018,Sphyraena spp,35148,Sphyraena spp,NA
2018,Sphyrnidae,1614,Sphyrnidae,NA
2018,Synodontidae,68953,Synodontidae,NA
2018,Thunnus maccoyii,7680,Thunnus maccoyii,NA
2018,Upeneus spp,42108,Upeneus spp,NA
2019,Anguilla australis,1e-04,Anguilla australis,NA
2019,Balistidae,650,Balistidae,NA
2019,Bivalvia,1644,Bivalvia,NA
2019,Brachyura,57473,Brachyura,NA
2019,Caesionidae,16310,Caesionidae,NA
2019,Drepane punctata,628,Drepane punctata,NA
2019,Exocoetidae,2215,Exocoetidae,NA
2019,Gymnosarda unicolor,1171,Gymnosarda unicolor,NA
2019,Haemulidae (=Pomadasyidae),3018,Haemulidae (=Pomadasyidae),NA
2019,Invertebrata,32450,Invertebrata,NA
2019,Penaeus semisulcatus,538,Penaeus semisulcatus,NA
2019,Phaeophyceae,1923,Phaeophyceae,NA
2019,Plotosus spp,2373,Plotosus spp,NA
2019,Pomatomus saltatrix,1e-04,Pomatomus saltatrix,NA
2019,Psettodes erumei,9395,Psettodes erumei,NA
2019,Rhopilema spp,17433,Rhopilema spp,NA
2019,Sardinella lemuru,15430,Sardinella lemuru,NA
2019,Scomberomorus lineolatus,1e-04,Scomberomorus lineolatus,NA
2019,Scombridae,136817,Scombridae,NA
2019,Seriola spp,3,Seriola spp,NA
2019,Sparidae,180,Sparidae,NA
2019,Sphyraena spp,28529,Sphyraena spp,NA
2019,Sphyrnidae,1642,Sphyrnidae,NA
2019,Synodontidae,84598,Synodontidae,NA
2019,Thunnus maccoyii,8496,Thunnus maccoyii,NA
2019,Upeneus spp,43803,Upeneus spp,NA
